"","date","id","content"
"1",2012-10-22,"하은(whgp****)","또 보고싶어요.꼭 상영 끝나고 DVD 나와주었으면 좋겠어요."
"2",2012-10-22,"mark****","굿"
"3",2012-10-22,"Paparazzi(oksk****)","정치가 얼마나 복잡한건데 광대 하나가 대동법을 밀어붙였다는 것이냐?"
"4",2012-10-22,"도토리백설공주(zaeu****)","진짜 재미써요♥"
"5",2012-10-21,"sosl****","역시 이병헌은 연기를 잘하는 것 같아요^^1인 2역까지 하면서...ㅋㅋ"
"6",2012-10-21,"ANJDL18(kang****)","그제 봤는데 또보고싶어요 ㅜㅜ"
"7",2012-10-21,"중 독자(fall****)","기대"
"8",2012-10-21,"키오켄(sukm****)","보고싶어요"
"9",2012-10-20,"승썬이(hera****)","진짜 세시간 전에 봤는데 또 보고 싶은 영화!!"
"10",2012-10-20,"별이히메(dasy****)","익숙해진 설정으로 무난했고, 기름진 왕 외엔 강렬하게 와닿은 건 없었다."
"11",2012-10-19,"요하니(john****)","어제 보고 왔는데 또 보고 싶어요 ㅎㅎ"
"12",2012-10-17,"The black rose(flyt****)","진짜 오늘 처음 봤는데 계속 봐도 안질릴것 같애요 ㅠㅠ"
"13",2012-10-16,"샘잉(sung****)","!!"
"14",2012-10-16,"laha****","평론가들의 수준이,,,좀 이해가 안가는데여,,,"
"15",2012-10-16,"두둥(gold****)","또 보고 싶다는 정도는 아님! 그냥 딱 한번만 봐도 되는!"
"16",2012-10-15,"애기섬(tjsd****)","또 보고싶어요!!"
"17",2012-10-15,"트리뷰(seun****)","보고싶어요"
"18",2012-10-14,"썩소(kms1****)","또 보고싶음 ㅠㅠㅠㅠ"
"19",2012-10-14,"지안지(dpdl****)","봐도 봐도 또 보고싶은 영화이다"
"20",2012-10-13,"a197****","난옐날영화실어"
"21",2012-10-13,"gusaofur(gusa****)","봐도봐도 또 보고싶은 영화~"
"22",2012-10-13,"cool****","이게 천만영화지~!!머가 천만영화란 말이요"
"23",2012-10-13,"Angela(veri****)","또보고싶다진짜..ㅠㅠㅠㅠㅠㅠㅠㅠ"
"24",2012-10-12,"erfegeterwer(ghkd****)","영화관이라 울면안될거같다는생각은했지만 다시보면 폭풍눈물일거같내요.."
"25",2012-10-12,"두부맘(skrk****)","계속봐도 질리지않을듯?ㅋㅋ 우리언니는 2번이나봤음"
"26",2012-10-12,"rlfd****","ㅋㅋㅋ 3번째 보러감 ㅋㅋ"
"27",2012-10-11,"하얀약(slim****)","이미 봤지만 시험 끝나면 친구랑 또 볼겁니다 ㅎㅎ"
"28",2012-10-11,"천희(shc3****)","짱이에여"
"29",2012-10-09,"민영(01mm****)","완전또보고싶어요!!"
"30",2012-10-09,"비비탄(art1****)","또 보고싶음"
"31",2012-10-09,"byo1****","또 보고싶네요"
"32",2012-10-08,"반혜(khju****)","보고싶어용ㅎㅎㅎㅎㅎㅎㅎ"
"33",2012-10-07,"매촤촤(hwan****)","진짜 봐도봐도 질리지않는!"
"34",2012-10-06,"zzan****","짱짱"
"35",2012-10-06,"혜삐(gpql****)","짱"
"36",2012-10-06,"ttb1****","1000000000000000000000000000000000"
"37",2012-10-05,"티엔(yaya****)","두번봤음 그래도 잼있음 ㅋㅋ 평점 한번밖에 못적는다니 여기 적는다!!"
"38",2012-10-05,"unli****","최고 현실에 정치에 대해서도 고민하게 만드는..."
"39",2012-10-04,"dnlenqhrqt(dlwl****)","볼거야"
"40",2012-10-04,"마시마로(ejch****)","폭군 광해군이 아닌 재조명된 광해군에 대해서만..이 영화 별루임."
"41",2012-10-03,"deme****","보고싶은데 시간이..ㅠㅠㅠㅠ"
"42",2012-10-03,"하늘(skyw****)","굿수수수수수"
"43",2012-10-03,"난니가(8891****)","재밌을것 같음"
"44",2012-10-03,"yh하트(yooh****)","진짜 이건 꼭 봐야되는 영화같음..대통령도 하선같은 가치관을 가져야하는데"
"45",2012-10-03,"얼ㅋ짱ㅋ(duru****)","아 또볼껴진짜 이건 세번봐도 괜찮음"
"46",2012-10-03,"맥심(siim****)","또 보러 갈 거야"
"47",2012-10-03,"Icarus(yesw****)","비평가들의 수준을 좀 모르겠다. 평점 역시 알바가 아닐까?"
"48",2012-10-03,"Hello(kdy6****)","진짜 대박!"
"49",2012-10-02,"Sori(zpsi****)","가족들이랑 보러갔었지만 이번엔 친구들이랑 또 보러가야지.."
"50",2012-10-02,"퓨전스타(yoon****)","한번봤는데 또보러가고싶은..."
"51",2012-10-01,"pastel(t522****)","연기파이병헌의 코미디를볼마지막기회?"
"52",2012-10-01,"박민수(ghlw****)","오늘 영화관가서 봤는데 또 보고싶다. 제일 기억에 남는 영화가 될것같다."
"53",2012-10-01,"ㄱㅅㅁ(kevi****)","최고"
"54",2012-10-01,"남 자(you4****)","대박"
"55",2012-10-01,"코알라(mins****)","미친 ㅋㅋㅋㅋㅋ여태껏 본영화중 젤 잼있쒀"
"56",2012-09-30,"cjhn****","또보고싶다 진심"
"57",2012-09-30,"gusa****","봤는데도 보고싶은 영화입니다. 정말 추천합니다.!!"
"58",2012-09-30,"maxi****","재밌음 ㅋㅋ"
"59",2012-09-30,"azsx****","최고입니다."
"60",2012-09-30,"wbeh****","또보고싶듬"
"61",2012-09-30,"yse3****","한시간보다 그냥 나왔어요"
"62",2012-09-29,"서예린(wake****)","곧 보러가용용요요용 기대함"
"63",2012-09-29,"아레스(sara****)","또 보고 싶습니다. 너무 대박~!!!"
"64",2012-09-29,"gggg(jinh****)","최고임!!!!!!!!!!!!!!!!!!!!!!!!!!!!!!!!!!!!!"
"65",2012-09-28,"Holly(gmj0****)","봤는데도 또 보고 싶은 영화 광해. 도대체 왕이란 무엇인가!"
"66",2012-09-28,"소삔(solb****)","아진짜 또보고싶네 ㅎㅎ"
"67",2012-04-10,"tlsg****","극"
"68",2012-03-20,"fink****","수지양.. 무조건.. 10점..ㅎㅎㅎ"
"69",2012-03-07,"kky_****","배우들도 너무 멋있고 이쁜 분들이고 내용도 너무 기대됩니다 빨리 보고싶어요!"
"70",2012-09-28,"신(mrsh****)","ew"
"71",2012-09-28,"곰하a(suji****)","또보고 또웃고싶다 ㅋㅋㅋㅋㅋㅋ 넘 재미써땅 ㅋㅋㅋㅋㅋ"
"72",2012-09-28,"미남구기(sinz****)","또 또 또 또 보고싶다."
"73",2012-09-28,"개미덩쿨(ldj3****)","또 보고 싶다 !"
"74",2012-09-27,"태양(hot6****)","사람냄새나는영화"
"75",2012-09-25,"범서기(yell****)","말이 필요없음. 꼭 보세요...ㅋㅋ 절대 후회안함!!!!!"
"76",2012-09-25,"jbh6****","진짜 후회 안함~ 조선시대 서인들과 지금 정권 잡은 보수층의 다른점은??"
"77",2012-09-24,"냠냠이(ah23****)","광해, 왕이된 남자 나중에 꼭 다시 한번 보고싶은 영화이다."
"78",2012-09-24,"트위티(lsw0****)","캐릭터가 현대적이라그런가 최수종씨 딱인듯.. 스토리는 굿~~"
"79",2012-09-24,"AaRon79(cjbl****)","아.. 류승룡"
"80",2012-09-24,"주발(rhdg****)","부끄럽지도 않소! 이나라가 대체 누구의 것이요?"
"81",2012-09-24,"내별명(kums****)","꼭보셈요"
"82",2012-09-24,"안보케러(lchy****)","광해, 왕이 된 남자는 수 차례 봐도 감동적이다."
"83",2012-09-24,"하늘연달(dbsw****)","짱"
"84",2012-09-24,"리베로 베컴(wjsg****)","시간 되면 보시오"
"85",2012-09-22,"눕(79_b****)","엿드시오!!!!"
"86",2012-09-22,"tekt****","진짜 재미없어"
"87",2012-09-22,"안슈(asc3****)","진정한 광해의 왕ㅋㅋㅋ"
"88",2012-09-22,"행복을찾아서(site****)","부모님과 같이 봤는데 정말 잘만든 영화같아요~ ^^"
"89",2012-09-22,"메이(scre****)","끝이다. 걍보자"
"90",2012-09-21,"징징이(rlaw****)","이병헌의 연기는 정말...인정!!!!"
"91",2012-09-21,"acto****","몇 번이고 보고싶어요ㅠ 어느덧 광해폐인ㅠ"
"92",2012-09-21,"dhkr****","최고다. 그냥보자"
"93",2012-09-21,"lim0****","갑자기 뜨니 진짜 보고픈 ㅋ"
"94",2012-09-20,"백채경(baic****)","두번 보신 분 많네요. 저도 두번 봤어요. 또 보라면 볼 수 있을거 같소"
"95",2012-09-19,"원(dark****)","또보고싶네요"
"96",2012-09-18,"너그보사(minj****)","욕지거리 없는 영화~ 이병헌 진짜 배우같은 배우다"
"97",2012-09-18,"ljmo****","또 보러 갑니다.. 꼭.. 친구와 우연히 한번 봤는데, 여자친구와 한번더"
"98",2012-09-17,"미짱(chwm****)","사람이 싫으네요"
"99",2012-09-17,"산타(merk****)","보고 나오자마자 또 보고 싶은 영화~"
"100",2012-09-17,"창기청자(inom****)","이병헌 작품 선택하는 배우고 지금까지 이병헌 나온 작품 다 좋았으니 기대"
"101",2012-09-16,"낭만오크(fish****)","또 보려고요"
"102",2012-09-16,"코히(cost****)","또 보러 갈겁니다!"
"103",2012-09-16,"백설공주(lllm****)","시험 끝나고 우리 아들들이랑 또 봐야지"
"104",2012-09-16,"아리(chao****)","끄앙 보고 싶는데 못 보고 있어요.ㅠㅠ 하우...ㅠㅠ"
"105",2012-09-16,"파이(psan****)","이사람 영화 안본다 ㅠㅠ"
"106",2012-09-16,"Seungyeon(numb****)","이영화는진짜..와.."
"107",2012-09-16,"사악소마(soma****)","보고왔습니다.. 대박날듯.."
"108",2012-09-16,"하지(mia8****)","시험 끝나고 봐야지.."
"109",2012-09-15,"Perfect Terran(wogn****)","보고시프다응"
"110",2012-09-15,"라임(hell****)","왕이 쾌도홍길동의 왕 조휘봉씨인줄 알았어요ㅋㅋ 갠적으로 그래도 좋았을듯ㅎ"
"111",2012-09-15,"니가내별ol닸(leet****)","보고 싶은 영화"
"112",2012-09-15,"이정희(kw87****)","정말 이 영화 평론은 돈받고 쓰나보다허접의 진수"
"113",2012-09-15,"sgsg****","롯데시네마 징글하네요 진짜..광해보는데 예고편을 도둑들 털어줌 ㅋㅋ 아놔"
"114",2012-09-14,"topl****","11"
"115",2012-09-14,"ster****","이병헌,류승룡 대박대박~"
"116",2012-09-14,"그냥살기(1004****)","완전 보고 싶음...오늘 보러감..^^*"
"117",2012-09-14,"stic****","너무보고싶음"
"118",2012-09-13,"supu****","최악~!"
"119",2012-09-13,"신내린슈팅(endl****)","나는 왕이로소이다 하고 컨셉이 똑같음...ㅠㅠ"
"120",2012-09-13,"stoc****","평이 정말 좋으거 같네요 주말에 보러가야겠네요"
"121",2012-09-13,"오래된이야기(acts****)","사랑을 놓치다 감독이네요~ 그 감독영화라 비호감입니다."
"122",2012-09-12,"씨에나(sien****)","이병헌 vs 류승룡 연기대결... 기대만땅!!"
"123",2012-09-12,"참깨스틱(dbtj****)","역시 이병헌은 연기가 아주~~ ㅠㅠ 좋아좋아도 너무~~ 좋아"
"124",2012-09-11,"행복훈이맘(stat****)","하선과 광해를 어떻게 표현할지 많이 고민했다던 이병헌~너무 기대되요!!"
"125",2012-09-10,"드로우키스(hea3****)","정말 많이 기다려지는 영화"
"126",2012-09-10,"DE(ekdm****)","이병헌 연기랑 사극. 오로지 이 두가지만 믿고 봅니다 ㅋㅋㅋㅋ"
"127",2012-09-09,"kahlen(plan****)","이병헌씨의 1인2역 기대기대!!!"
"128",2012-09-09,"amk2****","보고싶다!!"
"129",2012-09-09,"트리파이(ping****)","광고봤는데 이병헌 왕 역할에 진짜 잘어울림 ㅠㅠ 연기쩔음"
"130",2012-09-07,"여우(fmir****)","이병헌 연기 ㄷㄷㄷㄷ"
"131",2012-09-06,"대장님(jmmd****)","너무 보고싶어요..기대 기대!!!"
"132",2012-09-05,"오늘(tlsl****)","짱 재밌어용!"
"133",2012-09-04,"패트릭베이트만(ydk3****)","류승룡배우님땜에 보고시퍼요"
"134",2012-09-04,"dudw****","정말 너무너무 기대대여 왕의 남자를 잊게할 최고의 사극으로 기대되요"
"135",2012-09-04,"물안경(yuri****)","배우들 연기 기대됩니다.."
"136",2012-01-25,"dust****","아진짜이뻐~>"
"137",2013-06-07,"kjad****","아렷햇던 추억들 , 블록버스터급 영화도 좋지만 이런영화도 좋지 아니한가"
"138",2012-09-03,"피글렛(cimh****)","기대기대만빵♥"
"139",2012-09-03,"대세이나(hn20****)","왕이로소이다처럼 1인2역의 왕 역할 어떻게 표현하는지 궁금합니다."
"140",2012-09-03,"조각(jysh****)","원츄"
"141",2012-09-03,"대장(sy00****)","실망시키지않을 이병헌"
"142",2012-09-03,"워니(jlee****)","흥미진진할것같은 조선의숨겨진 얘기 기대됩니다"
"143",2012-09-03,"jiho****","100"
"144",2012-09-02,"월하(wkdg****)","친구들이랑 보고싶어요~"
"145",2012-09-02,"현빈s(hero****)","이병헌의 첫 사극! 기대됩니다"
"146",2012-09-02,"jms3****","추석때봐야겠어"
"147",2012-09-01,"테이크2012(robo****)","기대중"
"148",2012-09-01,"lshk****","이병헌의 연기 빨리 보고싶어요 !"
"149",2012-09-01,"YJ(rjeh****)","80"
"150",2012-09-01,"para****","보고싶다..시사회때.."
"151",2012-09-01,"어둠의오토야(chis****)","진짜 보고싶은 영화입니다 이병헌님의 시대극영화 완전 기대합니다리미"
"152",2012-08-31,"마루치(zorr****)","기대하고있습니다"
"153",2012-08-31,"스폰지송(drea****)","기대합니다 ㅎㅎ"
"154",2012-08-31,"hyc5****","90"
"155",2012-08-31,"jin2****","정말 보고 싶어요"
"156",2012-08-31,"underline(dndr****)","아이큐155의 위엄"
"157",2012-08-30,"치애(teru****)","이 영화 정말 기대되요"
"158",2012-08-30,"anji****","1인2역하는 이병헌의 연기 기대됩니다."
"159",2012-08-29,"깜치(kiml****)","영화 넘 재미있을것 같아서 기대됩니다."
"160",2012-08-29,"단지(hwjj****)","이병헌씨의 첫 사극인데 동시에 코미디라니 기대됩니다!"
"161",2012-08-29,"원숭이돼지(elan****)","명배우 이병헌의 첫사극이라서 더욱 더 보고싶고 기다려지는 영화입니다."
"162",2012-08-28,"꽃무릇(kaly****)","사극을 이렇게 기다려보는 건 첨인 것 같아요. 얼른 보고 싶어요."
"163",2012-08-27,"별지기(amou****)","이병헌의 멋진 연기와 명품배우들의 연기 앙상블을 기대하며... 대박나라"
"164",2012-08-27,"뭉치맘(choo****)","이병헌의 멋진 눈빛연기 기대되요^^"
"165",2012-08-27,"나리아(nare****)","예고펴만으로도 개봉이 기다려지는...."
"166",2012-08-24,"cool****","완전 보고싶어용"
"167",2012-08-24,"장미향(qwit****)","모르긴 몰라도 아마 미췬연기는 제대로?? ㅎㅎ"
"168",2012-08-24,"uncl****","강병규 화이팅"
"169",2012-08-24,"하굉도(mes5****)","금목욕을 보고싶어요"
"170",2012-08-20,"구군(bach****)","이병헌의 눈빛!"
"171",2012-08-20,"Zenya(perr****)","광해군이라는 인물 자체<U+0090>쳄막琯?충분히 매력적인듯!"
"172",2012-08-20,"해운대1세(hyju****)","완전 보고 싶음!!!!!!!!!!"
"173",2012-08-15,"ㅎㅎ(ekgu****)","예고 진짜 재밌다"
"174",2012-08-13,"니기뽕이다(1206****)","이런게 작품성있는 영화지"
"175",2012-08-13,"육개장(dbrt****)","이병헌을 좋아하진 않지만 연기력은 믿으니까~"
"176",2012-08-12,"준표사마(junp****)","너무너무 보고싶음"
"177",2012-08-09,"난곰돌이(ji91****)","궁금하던 차에 예고동영상을 보고 더 보고싶다라는 생각이 드네요"
"178",2012-08-09,"mado****","어서 보고 싶네요^^~~"
"179",2012-08-09,"ys30****","병헌씨 연기가 넘 보고싶어요. 얼릉 개봉했으면..."
"180",2012-08-03,"바람부는곳(nabi****)","이병헌의 첫 사극으로 알고있는데 포스가 대단하다."
"181",2012-07-29,"데미안(mise****)","보고시퍼용"
"182",2012-07-29,"타란툴라(wnsd****)","어서어서 9월이 오길 기다립니다~~"
"183",2012-07-29,"hidk****","최고의 연기력 이병헌"
"184",2012-07-29,"안개마녀(euns****)","눈빛여기의최고일인자 이병헌씨연기무조건보고싶어요"
"185",2012-07-29,"체리걸(lgee****)","배우 이병헌의 1인 2역기대되네요."
"186",2012-07-29,"gusr****","웬지 기대되네요"
"187",2012-07-26,"혜영(wkdb****)","너무 기대돼요^^모두 화이팅"
"188",2012-07-26,"99(appl****)","기대기대"
"189",2012-07-24,"민트(icet****)","완전 기대되요~"
"190",2012-07-24,"jiyo****","기대기대!"
"191",2012-07-23,"sski****","기대되요"
"192",2012-07-23,"간지윤(ymg1****)","이병헌 나오면 다재밌는거아님?"
"193",2012-07-23,"당근마왕(yhc1****)","흥미로운 주제가 끌리게 합니다."
"194",2012-07-23,"ictt****","극장갔더니 예고편 하던데후궁에 이어 올해 최고흥행작이 될듯"
"195",2012-07-23,"jesu****","기대됩니다 ㅋㅋ"
"196",2012-07-21,"별똥별(lett****)","이병헌의 카리스마 넘치는 연기가 기대됩니다"
"197",2012-07-20,"shoe****","이 영화 너무너무 보고싶어요"
"198",2012-07-20,"또뜨(comi****)","오오 기대"
"199",2012-07-19,"sin4****","너무 너무 보고싶어요!!!!!"
"200",2012-07-18,"송이버섯자(kyun****)","앞으로 이런 새로운 소재의 팩션 사극이 더 나올거라는 신호탄?"
"201",2012-07-18,"서울소년1(babo****)","보고싶소"
"202",2012-07-18,"miumiu(lolu****)","완전!"
"203",2012-07-18,"천재외계인(bunn****)","완전 보고싶습니다"
"204",2012-07-18,"하찌(nana****)","어떻게 안보고싶을수가 있겠어요;;;"
"205",2012-07-18,"yull****","당연~!! 보고싶다"
"206",2012-07-16,"a080****","우와이병현이당~~~~~~~~~~~~~~~"
"207",2012-07-13,"gusw****","완전기대 한효주 짱!!"
"208",2013-09-14,"족제비(sork****)","아 여운이 너무 쎄다..."
"209",2013-03-30,"koka(koka****)","2번 봤어요~~ 영화관에서 심야로 봤었는데 그때 보던 사람들 훌쩍 거리는 소리에 저도 울컥 했어요 잔잔하고 순수하고~ 따뜻한 영화같아요"
"210",2012-07-10,"rout****","기대되요"
"211",2012-07-04,"pres****","이변헌 대박! 한효주는 더 대박!! 정말 빨리 보구 싶어요 한효주님 2년만의 사극 기대됩니다"
"212",2012-07-03,"jgy0****","이병헌♥ 조으다ㅎㅎㅎㅎㅎ"
"213",2012-07-01,"neon****","이병헌, 류승룡,한효주....완전 대박~~기대 완전 만땅!!!"
"214",2012-07-01,"wldu****","이병헌 님때문에 이것을 봅니다... 얼렁 개봉했으면....ㅜㅜ!!!!"
"215",2012-07-01,"jdj9****","흐헉 언제 이런 영화가 ㅋ 사극은 별로 좋아하지 않지만 병헌형님 나오니깐 10점~"
"216",2012-06-29,"ekdl****","이병헌의 사극이라... 게다가 광해군의 비밀이 소재라니, 재밌을 듯."
"217",2012-06-29,"4409****","인조 진짜싫어"
"218",2012-06-29,"font****","정말 기대되네요 +ㅁ+ 빨리 9월이 왔으면 좋겠어요 !"
"219",2012-06-28,"kmsa****","캐스팅이 대박이네 이병헌에 류승룡에 김인권ㅎㄷㄷ;;;재밌겠다"
"220",2012-06-28,"bjra****","영화 스케일이 커보이네, 이병헌 사극 기대됩니다."
"221",2012-06-24,"woor****","재밌을듯 ^^"
"222",2012-06-23,"1009****","너무 너무 보고싶어요 ㅠㅜ 어서빨리 9월이.. 이병헌님~ 믿고 보는 그의 영화입니다^^"
"223",2012-06-22,"소무(insp****)","드디어 이병헌이 사극을! 완전 기대하고 있습니다."
"224",2012-06-21,"sara****","정말로 재미있을겄같아요~~"
"225",2012-06-21,"yhu0****","재미있을 것 같아요.. 19금만 아니라면..."
"226",2012-06-21,"coma****","기대만발!"
"227",2012-06-20,"bung****","수염이...무슨 일본 원숭이가 생각나네"
"228",2012-06-19,"tkzn****","되게 잼있어 보이는데;;;"
"229",2012-06-19,"jina****","역시 이병헌.. 처음 사극인데도 포스가 느껴진다. 무슨 역을 맏아도 완벽하게 소화함"
"230",2012-06-19,"deux****","어서 예고편이 나오기만을 기다려봐야지~ 오랬만의 한국영화에서 볼 수 있겠네뇽~*"
"231",2012-06-19,"seed****","이병헌은 나를 실망시킨적이 없으니까 믿고본다"
"232",2012-06-19,"aoki****","제발 역사 고증 잘해주고 광해군에 대한 평가를 높여주길"
"233",2012-06-16,"card****","이병헌 OOO기력 보고싶어요...소름쫙.."
"234",2012-06-01,"so04****","기대된다"
"235",2012-05-23,"pjh9****","한효주=대박 ㅎㅎ한효주+이병헌=초대박"
"236",2012-05-20,"bh77****","전주 한옥마을에서 촬영한거 봤다."
"237",2012-05-18,"yu_g****","한효주님 덕에 이 영화 대박일듯"
"238",2012-05-14,"choc****","내용이 넘 재미있을듯>"
"239",2012-05-10,"dltn****","캐스팅장난아니네.. 왕~~~"
"240",2012-05-08,"etqk****","류승룡님때문에 꼭 보러갑니다!!! 고고씽"
"241",2012-04-14,"mjtw****","진짜 잘어울리는 곤룡포 꼭 보러간다"
"242",2012-04-04,"smil****","캐스팅도 좋고 내용도 좋고 너무 재미있을 것 같아용 ㅋㅋㅋ"
"243",2012-03-27,"sla7****","내의견이지만 솔직히 제목 나는 조선의 왕이다가 나은듯..."
"244",2012-03-27,"zmck****","한효주님!! 나오니까 무조건 1ㅇ점 ㅎㅎ 한효주 너무좋아ㅜㅜ"
"245",2012-03-22,"dcts****","창이야 기대할게 ^^"
"246",2012-03-20,"juck****","기대되는 캐스팅! 효주님 짱! ^^"
"247",2012-03-18,"nkot****","이병헌이 광해 역할을 한다는 것부터가 짜증. 이병헌은 그냥 액숀이나 찍었으면 한다"
"248",2012-03-14,"ojs0****","한효주나오면 무조건 10점이다"
"249",2012-03-09,"gksw****","심은경 화이팅!!"
"250",2012-03-03,"dksg****","이병헌땜에본다 ㅋㅋㅋ"
"251",2012-02-20,"song****","효느님이다..."
"252",2012-02-17,"leey****","한효주나오는 드라마 동이서는 숙빈이고 이번엔 중전이네여 항상 뒤에서 응원할꼐여~"
"253",2012-02-15,"awhi****","이병헌의 명품연기 기대된다!"
"254",2012-02-13,"dizn****","효주언니 정말 기대가 큽니다!!!!"
"255",2012-01-27,"haes****","효느님, 이번에도 일지매, 동이때처럼 한복으로 모두를 휘어잡으세요(?)!!"
"256",2012-01-22,"todl****","효느님나오면..대박이넹~"
"257",2012-01-22,"fptm****","출연진 다들 짱 인듯..!!"
"258",2012-01-19,"ultr****","오오미 한효주 굿굿굿"
"259",2012-01-18,"pop5****","한효주다......"
"260",2012-01-11,"daia****","이병헌...그의 왕연기가 완전 기대됩니다!!!"
"261",2012-01-10,"katy****","한효주 때메 다 본다, 동이여신에서 중전여신으로??"
"262",2012-01-08,"wjst****","오직그대만처럼 이번영화도 기대하겠습니다 한효주씨 화이팅~"
"263",2012-01-08,"dame****","하하하핫 심은경이다 하하핫하하핫"
"264",2012-01-06,"oyos****","난 이병헌때문에 무조건 본다"
"265",2012-01-05,"shky****","한효주때문에 10점"
"266",2012-01-04,"kam0****","효주누나 기대할께요 ㅋㅋㅋㅋㅋㅋㅋㅋ"
"267",2012-01-04,"tlgk****","한효주짱 !!! 흥하세요 무조건 본방사수 할테니 ...."
"268",2012-01-03,"tjsd****","이겨 영화인데 왜드라마라 써있어"
"269",2012-01-01,"ekdl****","한효주님 2012년도에 후속작이 대박나길 기원합니다"
"270",2011-12-30,"com_****","한효주짱 !!대박나라!!!!!!!"
"271",2011-12-30,"chan****","효주누나 영화는 그냥 만점이다.짜응~~!!!"
"272",2011-12-30,"wonk****","아아 효느님.......!!"
"273",2011-12-29,"conc****","허균 나오는 영화네요. 거기다가 그대를 사랑합니다 감독님. 주연도... 기대해봅니다."
"274",2011-12-28,"sj58****","나도 10점!!!! 한효주언니가 나오면 10점이다!!!!!!"
"275",2011-12-23,"sooi****","와~~ 효주 언니 나오는거다 이건 10점 만점에 10점!!"
"276",2013-03-04,"go13****","사랑의 여운.."
"277",2013-02-11,"etae****","꺼져줄래란 말은 못난 자기자신한테 하는 소리일지도.. 공감가니까 너무 안타깝다."
"278",2011-12-23,"dkzg****","이건 ㄷ ㅐ 박이다 . 한효주 나와서 조금 의아했는데 류승룡 합세~. ㅋㅋ 초대박."
"279",2011-12-22,"tjdb****","효느님이 나오시면 10점이지 !!!!!!"
"280",2011-12-21,"jin0****","한효주나오면 무조건 10점이다 ㅋㅋㅋㅋ믿슴미다!!!! 이병헌이랑 나이차이가초큼^^ㅋ"
"281",2011-12-21,"tnr5****","효느는 10점만점에 10점 !!!"
"282",2011-12-20,"qhrt****","무조건 10점 효느는 10점만점에 10점~"
"283",2011-12-20,"kigi****","한효주와 이병헌의 첫 연기호흡, 기대됩니다. 홧팅^.^"
"284",2011-12-20,"jayn****","효느님이다 무조건 10점!!!"
"285",2011-12-07,"jsa4****","심은경 제발 캐스팅 돼라~"
"286",2011-11-14,"gktl****","재밌겠당 ㅋ"
"287",2011-11-14,"kiss****","대박나세요 ㅋㅋㅋㅋㅋㅋㅋㅋㅋㅋㅋㅋㅋㅋㅋㅋㅋㅋㅋㅋㅋㅋㅋ"
"288",2011-11-14,"leej****","재밌겠네 봐야지"
"289",2011-05-29,"jtk1****","지금까지폭군으로만여겨졌던광해군을 영화로 대단함 그것도 감독이 강욱석"
"290",2011-03-21,"haru****","안성기 왕으로 나오겠다"
"291",2013-07-10,"카이난(yino****)","BEST개인적으로는 7번방보다 이영화가 더 나은듯"
"292",2013-06-04,"tang****","BEST재미있는 상황 연출과 소소한 유머 그리고 이병헌의 미친듯한 연기. 이병헌의 연기는 경악하고 소름끼칠 정도."
"293",2013-06-08,"도날드 맥도날드(call****)","BEST이병헌씨 연기력이 대단해요줄거리도 탄탄하고 ^^너무 감동 받았읍니다"
"294",2013-07-27,"수지(love****)","BEST정말재밌다..커다란 감동에다 잔잔한 웃음들까지..완벽하다."
"295",2013-07-27,"백색천사(dhn9****)","BEST소름쫙 3번을 봐도 영화가 전달해주고픈 메세지와 그 영화 자체에 소름이 끼친다 정말 남녀노소 봐야될 대표한국영화!!!"
"296",2013-06-25,"whsk****","천만이 부끄럽지않은 영화가 여기있네... 웃다가 울다가... 이런게 영화가 아닐지"
"297",2013-07-05,"Ru2s(wlgm****)","이병헌의 목소리는 정말 하늘이 내려준듯 하다.웃음과 감동을 모두 잡은 영화인듯"
"298",2013-07-22,"HAZARD17(kevi****)","진짜 최고다 천만 이유가 있구나 스토리도 좋고 역사적인 것도 들어가고 이병헌 류승룡 등 연기도 진짜 좋고"
"299",2013-07-19,"노래불럼(ohh3****)","진심 최고의 영화다. 정말 별 10점!!"
"300",2013-07-28,"9man****","우리가 바라는 인간상 그러나 용납되선 안돼는 인간상 시대에 쫓겨 도망치는 삶을 살아야하는 의인들. 그 이상을 상기시켜주었다"
"301",2013-07-21,"admission(5317****)","최고다 진심"
"302",2013-07-15,"youn****","백문불여일견"
"303",2013-06-04,"맛스타(3x3i****)","한효주 진정 아름답게 나온더라."
"304",2013-07-21,"벨제부르(noto****)","섬김"
"305",2013-07-01,"강민스응(rkd7****)","꿀..."
"306",2013-07-23,"진교미(jkmo****)","천만 이유가 있네 7번방보다 훨씬 백배천배 낫다7번방은 스마트폰의 위력으로 만들어낸 천만이지 스토리는 그닥 별로임"
"307",2013-07-21,"다즈비(dog1****)","내생에 최고의 영화"
"308",2013-09-22,"ked9****","베를린따위같은헐리우드아류작보다는 광해가 오천만배는 나은듯...영화속 광해같은지도자는 과연영화속에서만존재할수밖에없는것인가 ㅠㅠ"
"309",2013-08-26,"sksq****","말이 필요없다. 전형적이 스토리를 이병헌이 뒤집어 놓았다"
"310",2013-06-29,"정신이번쩍(madc****)","역대 한국 영화 중 가장 재밌었다!"
"311",2013-07-23,"gran****","정말 많은 것을 깨우쳐주는 영화가 아닌가 싶습니다탄탄한 스토리와 역사를 소재로 햇다는 점거기에 배우들의 뛰어난 연기력까지 더해져 시간가는줄 몰랏네요 아주 잘봤습니다"
"312",2013-06-10,"아싸리(gayo****)","최고의영화최고의연기자이병헌"
"313",2013-09-04,"올리브(dfdv****)","백성을 하늘처럼 섬기는 왕, 진정 그것이 그대가 꿈꾸는 왕이라면... 그 꿈 내가 이루어드리리다."
"314",2013-08-04,"oksi****","천만을 괜히 넘은게 아님"
"315",2013-07-21,"misa****","역사를 다시 생각해 볼 수 있었던 좋은 기회였고, 이병헌을 다시 볼 수 있었으며 감동적이고 탄탄한 영화다."
"316",2013-06-09,"개념(vhzk****)","당연한 대사와 상황임에도 영화 자체에 압도 당하고 눈물을 흘리게 만든다."
"317",2013-07-11,"슈나우저(motu****)","중동고 81회 이병헌 화이팅, 88회 후배가."
"318",2013-09-22,"줄라이(soul****)","극장에서 재밌게 봤었는데 TV에서 하는거 다시 보니깐TV에서 하는건 편집을 해서 여러장면들이 빠졌네TV에서 편집을 대체 왜 한건지 이해가 안됨!!!!!"
"319",2013-07-05,"짜증나는남자(wjsq****)","우리가광해에열광하는이유는우리가바라는지배층의모습이여기에담겨져잇기때문이다."
"320",2013-06-30,"sg58****","진정한 사극이다.."
"321",2013-08-10,"alwj****","역시 다시봐도 감동입니다..제가 이 영화를 보고나서 이병헌님의 완전한 팬이 됐습니다ㅠ"
"322",2013-07-22,"마루(maru****)","사극물, 정치적인 내용 보기 싫어서 일부러 안보다가 이제야 봤네요. 굿굿굿! 이병헌씨 연기 좋네요. 한효주님 이쁘시네요."
"323",2013-07-13,"힌(wuj5****)","나는 왕이로소이다를 먼저 봐서 대충 광해의 스토리를 들었을 때, 어떤 점이 다를것인가 하는 궁금증이 있었다. 광해를 보고난 후 아예 다른 이야기라는 것을 알았고 마지막에 도부장이 자신의 왕을 지킨 것, 배를 타고 갈 때 허균이 인사한것이 감명깊었다."
"324",2013-09-19,"창후니(1230****)","관상으로 인해 다시 보게되는 영화엿다관상은 주연급배우여럿을가지고 흐름을 움직엿다면광해는 이병헌하나로 모든것을이끌어나갔다관상에 대한 사람들의 평은 광해를 본 이후로 안좋아진다. 아쉬울 뿐이지만 광해는 사극픽션영화중 최고다"
"325",2013-07-21,"훼어니스 L(wkdu****)","웃음과 감동이 조화를 이룬 영화, 사극을 좋아하지 않는 이더라도 가슴 깊이 깨달을 수 있는 영화."
"326",2013-07-21,"몽글(mong****)","이 시대가 원하는 진정한 영화다. 서민적이지만 천하지 않은 왕. 냉철하지 않지만 지혜로운 왕."
"327",2013-07-03,"ekdm****","솔직히 전 사극 별로라 별 흥미 없이 봤는데계속 집중하면서 보게되었습니다 .. 이 영화로 이병헌씨 팬도 되었구요 ㅋㅋ"
"328",2013-06-09,"붕어빵(ghdu****)","정말 재밌었고, 광해군의 재해석도 아주 좋았다."
"329",2013-02-11,"miss****","대박"
"330",2013-08-29,"sjh6****","이병헌의 연기가 돋보임 깨알같은 재미도 있음"
"331",2013-06-26,"OSㅡEOS(hyun****)","작품성 굉장하다.. 보는내내 재미도있었고 흥미도있었다."
"332",2013-05-19,"부르주아(jms5****)","오랜만에 잘만들어진 한국영화를 본 것 같다. 우리나라만이 만들수있는 사극영화의 정점! 배우들의 연기하나하나가 탄탄하고, 작품완성도가 대단하다. 이병헌, 류승룡의 연기가 일품! 김인권의 명품조연 연기도 한몫! 못 본 분들은 꼭 보시길! 후회하지 않는다!"
"333",2013-09-22,"wlse****","영화는 전문가들처럼 객관적으로 평가하지 않고 관객들에게 감동을 주는 것이 진짜 명작이다"
"334",2013-08-05,"dizi****","픽션과 논픽션 사이를 절묘하게 줄타기하다"
"335",2013-06-07,"다큰애(acin****)","후아, 눈물을 주체할 수가 없다. 간단한 플롯임에도 하고싶은 이야기를 다 녹여낸 극본과, 관객을 쥐락펴락 하는 주연 세명의 연기, 그리고 적절한 위트와 긴장감, 감정을 끌어올리는 연출솜씨는 기립박수 감이다. 우리도 저런 대통령을 한분 모시고 있었지."
"336",2013-09-22,"whan****","진짜 다시봐도 또 봐도 나중에 봐도 소름돋고 흥분시키는 영화!"
"337",2013-09-22,"딸딸련(wpru****)","2012년 최고의영화였음 감동과재미 이병헌의 연기력에 박수를 보냅니다"
"338",2013-09-22,"무뚜(somi****)","1인2역을하는데도 완벽한연기로혼란이오지않았어요 최고입니다"
"339",2013-09-22,"드림라이너(bjp8****)","고루한 사극에 현대식 유머를 더하다. 최고의 몰입도."
"340",2013-06-25,"tjra****","이제껏 본 한국영화중 개인적으로 가장 좋았던 영화~~~~~~~"
"341",2013-06-24,"야큔(dktm****)","이제야 봤는데 과연 천만영화의 가치가 있군요"
"342",2013-06-13,"인샤벨(saqu****)","오늘 처음봤는데 정말2시간이 시간 가는줄 모르게 빠져들었습니다 한창 흥할때는 재미없는 영환줄 알았는데 이렇게 뒤늦게 이 명작을 보다니 ㅜ"
"343",2013-07-18,"unky****","엄청난 극찬에 기대를 품고 보게된 영화. 전체적으로 무난한 괜찮은 영화이긴 하지만 기대만큼은 아니었음. 그래도 소소한 웃음거리, 부패한 정치판에 대한 신랄한 풍자, 적절한 감동이 조화를 이루어 볼만한 영화였다. 개인적으로 마지막장면이 압권이었다!"
"344",2013-09-22,"서윤맘(dh35****)","이병헌 진짜 짱입니다~~다시 봐도 눈물 또나네~~진짜 연기 잘하는 배우!!멋지다~~~^^"
"345",2013-09-22,"로뎀나무(jujy****)","최고!! 말이 필요없는... 자랑하고픈 영화"
"346",2013-09-22,"화이(anfq****)","두번봐도 울수밖에없는영화"
"347",2013-09-22,"또막또막(dhhi****)","""나에겐 사대의 예보다 내 백성들의 목숨이 백곱절 천곱절 더 중요하단 말이오!"""
"348",2013-09-22,"꿇어라(jaeh****)","추석특선영화중 단언컨대 광해는 가장 좋은 작품입니다"
"349",2013-07-23,"문어너구리(jsn0****)","꽤 괜찮은 모범적인대중영화"
"350",2013-07-21,"kimj****","사극을 좋아하지 않는 사람이라도 반드시 한번은 봐야한다"
"351",2013-07-08,"총알한발(rlar****)","정말 멋진 영화네요... 김인권이라는 배우가 멋있게 느껴지기는 처음입니다."
"352",2013-07-01,"간짜장(dent****)","아름다운 영화"
"353",2013-06-07,"sel6****","가짜왕이 진정한 백성의 왕이네... 굿입니다."
"354",2013-09-22,"쥬냑(joon****)","개인적으로 이정도면 역대 대한민국 최고의 영화라 생각한다"
"355",2013-09-22,"josa****","사흘만 세상을 볼수있다면, 첫째날은 광해를 보고싶다. 둘째날은 피에타를 보리라. 셋째날은 김기덕의 볼기를 때리고싶다. 단언컨대 광해는 최고의 작품입니다"
"356",2013-09-22,"sona****","좋았다 한국영화 수준 굿"
"357",2013-09-22,"문라이트(bini****)","15일 동안 비었던 승정원 일기를 그렇게 상상해내신감독님이 참 대단하시다는 생각이 듭니다. 그리고 배우 이병헌 씨의 1인 2역 연기가 어색함이 전혀 없었습니다. 이런 영화를 보게 해주셔서 감사합니다."
"358",2013-09-22,"닭꼬치사장(flag****)","몇번을 봐도 울컥하게 만드는 영화"
"359",2013-06-06,"wh83****","아 재밌네거참ㅎㅎㅎ 오랫만에끝나는게 미치도록아<U+009A>Z더라"
"360",2013-09-22,"1023****","이병헌 연기력이 돋보이는 내용있는 영화"
"361",2013-09-22,"love erin(mi73****)","참 감동적,,,,,부끄러운줄 아시오~~~멋지다,,,,,,"
"362",2013-09-22,"쉿(vydv****)","이병헌 관심도 없었는데,,, 광해보니 어쩜 연기를 이렇게 멋지게 잘함 ,,, 향후 누가 광해군 역할을 하더라도 [광해=이병헌] 이라는 틀을 넘어서기 힘들듯,,,"
"363",2013-09-22,"동글이(6wan****)","아직도 눈물이....ㅠㅠ...여운대박이네요.. 정말 저렇게 사람을 백성을 마음으로 아우르는 지도자가 있는 곳에 살고싶다ㅠㅠㅠㅠ픽션이래도 진짜 절로 고개숙여 인사드릴거 같고 존경하고싶었어요 이병헌씨 연기가 입에서 입으로 전해지는 이율 진짜 절실히느꼈어요"
"364",2013-09-22,"워니워니(jyw0****)","2번을 봐도 재밌는 영화."
"365",2013-09-22,"후장마타(chwg****)","훌륭한 작품인듯 제대로"
"366",2013-09-22,"김극도(doya****)","진짜 최고의 영화"
"367",2013-09-22,"문현승(gust****)","재밌었엉~ㅋ"
"368",2013-09-22,"SilverBullet(ehdg****)","오늘 추석특집으로 광해를 해줘서 보았는데 정말 이만한 영화가 있을지 생각, 또 생각합니다"
"369",2013-09-22,"별별(jina****)","이거 평점 9.8이상 찍게만들고싶다"
"370",2013-09-22,"ㅇㅇㅇ(3785****)","영화 참 잘만들었다 이런게 영화라고 할수있는것이다 진짜 감동과 코믹 잘 분배했고 무엇보다도 배우들의연기들땜에 몰입감이 더했던 영화이다 마음속에 깊게 남을 영화이다 메세지도 정확하고 말이다 명장면도 참 많은영화이다 추석땜에 봤는데 좋은영화이다"
"371",2013-09-22,"인지(say7****)","역대 최고"
"372",2013-07-11,"태연남편(kh07****)","음 역사적 상식이 없으면 조금 이해하기 힘든 부분도 있을 수 있지만 그래도 전체적인 연출이나 플롯이 좋은 편이다. 특히 우리에게 무언가를 생각하게 하는 영화라.. 영화관에서 못 본게 아쉽다."
"373",2013-09-22,"현재혁(lopl****)","너무재밌네요 왜 극장에서 안봤는지.. 어제본 관상은 광해의 아류인것같네요"
"374",2013-09-22,"와클(powe****)","현존 우리나라 최고의 영화."
"375",2013-09-22,"주탱(tawh****)","이병헌의 광해의 연기는 압도되어 빨려들어간다"
"376",2013-09-22,"ggzz****","재밌네 재밌어... 이병헌 연기 잘하네 ㄷㄷㄷ"
"377",2013-09-22,"dhjh****","단언컨대 디테일한 연기는 이병헌 따라올자 없습니다!"
"378",2013-02-11,"아리온(khk4****)","OOO들,,,야심한 시각에 폭풍처럼 몰려들었네,,,지루하고 재미없다고 난리구먼 니들은 그냥 총쏘고 때려부스고 야동으로 떡치는거나 봐라"
"379",2013-09-22,"mube****","생각보다 괜찮았고 이병헌 연기 진짜 잘한다.수작인거같다."
"380",2013-09-22,"크리스(nimo****)","이것이 한국영화로소이다!이병헌의 연기력 진중하고 예리하기때문 대중들 마음을 아주잘아는그.....미워할수없는 영화...완전체인 이병헌"
"381",2013-09-22,"남택용(wdkr****)","이병헌카리스마 굳ㅋㅋ광해같은영화또나왔느면좋겠네"
"382",2013-09-22,"Se(soso****)","최고다 보고 싶었는데 지금이라도 보게되서 다행"
"383",2013-09-22,"없음(rlat****)","민중은, 이런 수장을 바라지. 명작."
"384",2013-09-22,"삽질전문(ktk2****)","아 평점쓰게 만들다니 ㅜ"
"385",2013-09-22,"핫바(apil****)","부디 이런영화가 또 나와주길. 웰메이드 짝짝짝 시간가는줄 몰랐다"
"386",2013-09-22,"jang****","전혀 지루하지않고 참신하다!!"
"387",2013-09-22,"PoPsong(lort****)","내가지금까지본영화중3위안에들정도로재밋게밧다 꼭한번씩은보길바래요 배울점도많아여"
"388",2013-09-22,"유호(wldm****)","짱짱맨"
"389",2013-09-22,"KeNam(85_0****)","다시봐도감동"
"390",2013-09-22,"웅얼(dain****)","멋진영화"
"391",2013-09-22,"alwaysa89(h898****)","최고의 한국 영화!"
"392",2013-09-22,"sah1111(love****)","당연히 10점 다시봐도 10점이다"
"393",2013-09-22,"cwju****","탄탄한 스토리와 잔잔한 유머진정한 리더십을 보여준 이병헌의 연기력"
"394",2013-09-22,"그래그래(dusd****)","최고~ 더이상 무슨말이 더 필요할까?"
"395",2013-09-22,"멍킹(jjeh****)","진짜안울수가없네요ㅡㅜ"
"396",2013-09-22,"기습특공(waff****)","부끄러운줄아시오!"
"397",2013-09-22,"jinw****","재미있네요"
"398",2013-09-22,"knr7****","이병헌이 연기를 잘한다는걸 또 새삼스레 느껴지네"
"399",2013-09-22,"짱(619h****)","정말 여운이 많이 남는 영화...왜 영화관에서 보지 못했을까,지금이라도 보니 참 다행이라는 생각이 드네요."
"400",2013-09-22,"opii****","시간 가는 줄 모르고 몰입해서 봤다"
"401",2013-09-22,"메이(cher****)","보면서몇번을울었는지 모르겠네.. 지금도 저런 사람이라면 당장 대통령을 시키고싶을정도다."
"402",2013-09-22,"할거업져(kuue****)","내가 이영화를 왜 안봤었을까..마지막가서 울었어요재미도 있고 감동도있는.. 진짜 재밌어요!!!!!"
"403",2013-09-22,"민겨잉(y664****)","최고의 영화 추천합니다."
"404",2013-09-22,"빠뼉(tjdw****)","내가 역사에 관해서라면 질색이다 작년에 개봉했던 영화라 아 안봐야지 했는데 보고 나서 흥미를 가지게 된 것 같다 재미있고 감동적이라서 울고 웃게 해주는 것 같아 좋은 영화이다 평점 10점을 줘도 아깝지 않은 영화라 생각한다 그리고 이병헌 연기잘한다"
"405",2013-09-22,"이지연(dhzl****)","명작!!!!"
"406",2013-09-22,"chwk****","감동적임니 진짜왕입니다요"
"407",2013-09-22,"긴토키는 꽃미남(dud2****)","최고의 영화다!짱"
"408",2013-09-22,"hsmi05(hsmi****)","이병헌씨 연기진짜 잘하네요..소름이 막돋음...영화진짜 잘만든듯 우리한테 많은걸 느끼게 해주는 영화.."
"409",2013-09-22,"다애(daae****)","이게진짜 영화지. 이병헌 류승룡 너무 환상적이었고. 마지막 허균이 배타고 떠나는 광해를보며 인사하는장면은 잊혀지지않을거같다.. 감동 웃음 메시지 모든게 환상의콤비였던 간만의 최고영화!!"
"410",2013-09-22,"후룰루(dhkd****)","진짜 7번방의 눈물 봐도 안울었는데 이건 두번<U+0094><U+009B>는데 두번다 글썽이게 만드네요. 짱입니디."
"411",2013-09-22,"lkjj****","진짜 한국사 영화중최고인뜻 ㄷㄷ"
"412",2013-09-22,"히츠(audc****)","분명 둘다 이병헌인데 초반에 이병헌이 왕 휸내내는걸보고 나도모르게 놀람 ㅋㅋㅋㅋㅋ"
"413",2013-07-16,"잔소리대마왕(ghh4****)","영화광해재미있게봐습니다"
"414",2013-07-15,"진식(prim****)","최고입니다111"
"415",2013-07-11,"whgu****","하 진짜 좋다"
"416",2013-07-10,"sbrm****","10점이다 영화관에서 못본게 아쉽다."
"417",2013-05-19,"호떡(exbo****)","국산영화에 대한 편견으로 잘 보내 않다고 오늘에서야 dvd로 봤는데역대 최고의 한국영화군요.. 재밌고 탄탄한 느낌!!"
"418",2013-09-22,"소원(tjgu****)","최근에 본 영화중 가장 좋은영화였습니다."
"419",2013-09-22,"김혜진(kkjj****)","내가 몇 편 영화 안보긴했지만 내가 본것중에 광해가 최고..^^. 어제 다시 봤는데도 역시 최고..여전한 감동.... ㅜㅜㅜ"
"420",2013-09-22,"엔비(yemk****)","이런저런 편견없이 영화로만 보면 좋겠다 정말 좋았다"
"421",2013-09-22,"빨간라바(fair****)","정말 이 작품은 최고다.. 배우, 연기, 연출, 음악, 시나리오.. 모든게 조화를 이루어 탄생한 짜임새 있고 완성도 높은 영화 !!"
"422",2013-09-22,"푸푸s(byyg****)","볼때마다감동인영화!이병헌이너무멋있다^^류승룡이""왕이되고싶으면내가도와주리다""이부분이갑인듯김인권이지켜준것도좋고효주언니이쁘게나오고ㅋㅋㅋ"
"423",2013-06-27,"제레미(jere****)","쫀쫀하게 잘 만든 영화. 역시 가능하면 한국영화는 감독이 시나리오를 써서는 안된다."
"424",2013-09-22,"제트(iltc****)","이병헌연기......굿"
"425",2013-09-22,"눈송이(kc98****)","오랜만에 꿀잼느낀 영화"
"426",2013-09-22,"arag****","범죄와의 전쟁과 함께 한국영화중에 젤재밌게봄"
"427",2013-09-22,"화향선(upup****)","최고♡"
"428",2013-09-22,"TheQuattro(wkhe****)","이거 대박이네.. 이병헌 연기너무 잘해... 완전몰입했어. 더레드 보다가 이거보니 이병헌운 한국영화에 잘 어울린다는 생각이듬. 결국 진짜 가짜 둘다 살어... 광해군은 숙청의 기회도 잡고. 추감독이 사랑을 놓치다 만든 감독이였다니 ㅎ 차기작도 기대됨."
"429",2013-09-22,"조용한인간ㅋ(suja****)","쩜"
"430",2013-09-22,"꺼먼발(raek****)","굿"
"431",2013-09-22,"나야(choc****)","최고bbbbbb"
"432",2013-09-22,"누리망둥이(bsgs****)","Good~!"
"433",2013-09-22,"jimi****","광해군은 폭군이 아니다."
"434",2013-09-22,"즌스온도니(bigb****)","진짜....여러번봐도 재밌는 감동스토리"
"435",2013-02-08,"jieun98(jieu****)","솔직히 스토리도 전반적으로좋고 다좋았는데 대체 아이돌을 왜넣었는지 모르겠음. 수지가연기를못하는건아니지만 감정이입이좀안됐음"
"436",2013-09-22,"으뉴(yuna****)","추석 특선 영화라서 보게 됐는데, 특선 영화에 광해 배정해주신 분들께 정말 감사합니다. 영화 진짜 잘 봤어요!"
"437",2013-09-22,"으하하하하하하(dlsd****)","여운남고 정말 감동적인 영화ㅠㅠ"
"438",2013-09-22,"kbs9****","진짜 개꿀잼 졸라재밌어 엉엉ㅇ엉"
"439",2013-09-22,"안늉해융(ches****)","스토리도 좋았지만 정말 이영화 살린건 이병헌의 연기력이다"
"440",2013-09-22,"klij****","완전 감동 추석특집 최고"
"441",2013-09-22,"MAEK(bsy3****)","처음부터 마지막까지 모두 좋았다.스토리도 탄탄하고 영상도 아름다웠다.!이병헌이 연기하는 것을 처음 보게 되었는데탑배우라는 것이 두번세번네번 이해<U+0089>榮? 최고-! 두번봐도 세번봐도 좋을 영화-!!"
"442",2013-09-22,"백현규(lll5****)","이병헌은 진짜 이시대 최고의배우야 배우중의 배우외모 연기 다되는 유일무이한 배우!!"
"443",2013-09-22,"공놀이(fit_****)","매끄러운 내용과 연기/연출, 참신함, 그리고 브금"
"444",2013-09-22,"마시멜로(acrd****)","명절에 틀어줘서 1년만에 다시 보는대 교훈도 있고 웰메이드 영화임.근대 공중파에선 좀 가위질을 한거 같아서 불만이내;한 20분은 편집한거 같은대"
"445",2013-09-22,"나나나나나나(lyj3****)","그냥대박이다."
"446",2013-09-22,"초초(heea****)","영화가 참 탄탄하게 만들었다는 느낌이 확 든다. . 미술 소품 음악 등등. . 너무 멋있음. . 이병헌 연기 너무좋다. . 목소리. . 1인2역. . 너무 완벽함. ."
"447",2013-09-22,"houn****","왜 많은사람들이 이 영화를 볼수있었는지 알 수 있었던 영화다. 특히 스토리와 배우들의 연기가 짱짱이었던거 같다."
"448",2013-09-22,"mai0****","영화잘안봐서 추석특집으로 집에서야 봤는데 극장에서 볼걸 정말 후회되네요..!! 정말 광해 대박이에요ㅠ ㅠ ....!!! 배우분들의신들린연기력... 아 정말 스토리도 그렇고 넋놓고 봤습니다!!!"
"449",2013-09-22,"mj(eomk****)","재밌어요♥이병헌씨연기 최고!"
"450",2013-09-22,"인준이(mrki****)","단언컨대 이병헌은 이시대 최고의 배우임다ㅠㅠㅠㅠㅠㅠㅠㅠㅠㅜㅜㅜ"
"451",2013-09-22,"속업셔틀(kunh****)","초반 약간 지루한점 빼면 전체적으로 내용도 탄탄하고 이병헌 연기도 훌륭하고 뭐하나 빠질게없는 한국영화. 정말 재미있네요"
"452",2013-09-22,"시민단체(tlal****)","진짜이런영화없을것같다 정말감동적"
"453",2013-09-22,"천공(ysh_****)","내생의 최고의 감동적인 영화"
"454",2013-09-22,"tusx****","이병헌은 역시 이병헌 !!!!!진짜 이병헌 !! 연기덕에 몰입도 백프 너무 멋지다 영화 봐도봐도 감동"
"455",2013-09-22,"Reebok(mylj****)","이병헌만큼 이역활에 어울리는 배우는 아마 없을거다"
"456",2013-09-22,"깜보바보(giyu****)","10점 잘안주는데... 시간 가는줄 모르게 긴장있고 괜찮고. 재미있네...와... 오랜만에 좋은 영화 봤습니다. 이병헌.. 영화인으로서는 최고다."
"457",2013-08-04,"dydq****","진짜 개쩌는영화다 우와"
"458",2013-07-01,"아이(chie****)","사극 영화 중 가장 인상적이었다. 못 잊을 영화, 잊고 싶지 않은 영화."
"459",2013-06-29,"dowm****","가장기억에 남는한국영화"
"460",2013-06-28,"빈폴(ghfl****)","너무 재밌고 감동적이고 피를 끓게하는 영화였다. 이병헌의 연기도 일품이였다."
"461",2013-06-24,"완소쿠도(tnal****)","개봉할때 봤는데 지금 쓰네욧ㅎㅎㅎ 진짜 돈을 더주고 싶을 만큼의 내용 눈물 펑펑 나면서 봄ㅠㅠ"
"462",2013-05-18,"Captin Lampard(peti****)","정말 대박이네요. 무지 재미있어요.사극 영화 중에서 최고네요"
"463",2013-09-22,"사과쥬스(altl****)","이병헌 명품연기♥"
"464",2013-09-22,"애벌레얌(ham2****)","믿고보는이병헌"
"465",2013-09-22,"tjdv****","천만으로도 부족한 대한민국 일류급 영화"
"466",2013-09-22,"니벨륭겐(sykm****)","대종상을 휩쓸 만하다. 천만 관객 돌파도 무리가 아니었다. 잘 만들어진 사극"
"467",2013-06-16,"후후후(skgu****)","우연히보게<U+0089>榮쨉?정말 감동과 웃음이 적절한 영화네요"
"468",2013-09-22,"AEng(youn****)","괜히 별점이 높은게 아니네요. 정말 좋은 영화입니다"
"469",2013-09-22,"고경우(stea****)","무섭다. 권력이 무섭다."
"470",2013-09-22,"음음음(nada****)","말이 필요 <U+009F>졍牟藍絹?남자가그립다그립다"
"471",2013-09-22,"세광(kj_k****)","완벽"
"472",2013-09-22,"진솔(jins****)","재밋다"
"473",2013-09-22,"요기준(gywj****)","스토리도 재밌고 배우들 명품연기도 잘 봤어요! 이병헌 류승룡 한효주 김인권 심은경 이외에 다른 배우분들 수고하셨습니다! 특히 류승룡 김인권 배우님 팬이에요^^!"
"474",2013-09-22,"skeo****","ㅇ"
"475",2013-09-22,"Suitman(seok****)","재밌어요"
"476",2013-09-22,"heod****","어딘가 넘치는 감이 있지만 잘만들어진 대중영화임은 분명하다._13.2.1.09:18>다시봐도 재밌고 정말 잘 만들어진 영화인 듯..."
"477",2013-09-22,"안녕하세(ckwo****)","굿"
"478",2013-09-22,"jdj(jhn1****)","Cj의 불공정한 스크린독점과 영화제부당압력으로인한 독점수상 빼곤 나무랄것없는 최고의영화"
"479",2013-09-22,"미뇽미뇽(alsd****)","재미있게 봤다 적절한 유머와 감동과 교훈까지~ 높은 평점의 정석이다"
"480",2013-09-22,"잘생긴남(chld****)","대박"
"481",2013-09-22,"류자키(kjhw****)","진심 대박!"
"482",2013-09-22,"지루한날(syum****)","굿!"
"483",2013-09-22,"네이처(what****)","말이필요없다ㅠㅠ"
"484",2013-09-22,"덩키(king****)","굳굳"
"485",2013-09-22,"처녀치마(hira****)","명불허전!"
"486",2013-09-22,"프리미어스타(prem****)","왕이 무엇인지 보여준 영화"
"487",2013-09-22,"khz2****","픽션과 실화의 경계를 깰 정도의 수작이다"
"488",2013-09-22,"devi****","처음 시작부터...마지막 끝나는 그 순간까지 재미와 감동 눈물과 가슴아픈 슬픔... 제일기억에 남는 명언 두가지.. 당신들이 좋아하는 4대조?법? 보다 나는 내백성이 백곱절 천곱절 더 중요하다./너희에겐 가짜일지라도 나에겐 진짜다..(호위무사)"
"489",2013-09-22,"됴꼬(urma****)","재밌다ㅠㅠㅠ최고!"
"490",2013-01-16,"토니 크로스(dong****)","공감이 많이되는 영화ㅋ"
"491",2013-09-22,"족장(make****)","두번봐도 훌륭한 영화였어요"
"492",2013-09-22,"lcw2****","굳!! 좋은영화입니다"
"493",2013-09-22,"서방신기(tmdw****)","최고"
"494",2013-09-22,"ehdr****","최고다"
"495",2013-09-22,"어이없는놈(smil****)","눈물남"
"496",2013-09-22,"꼬뜨(on06****)","이렇게영화보면서울다웃다한건처음ㅜㅜ 재미와슬픔과감동도가진욕심쟁이영화같으니라구ㅋㅋㅋ"
"497",2013-09-22,"로레인(lorr****)","재밌고 슬프고 아름답고 아련한 영화. 토요일 밤을 멋지게 수놓아주셨네요"
"498",2013-07-28,"라이토(udtm****)","담백했던 영화.이런 구성이 깔끔하니좋다. 여자와봤던 두번째영화"
"499",2013-07-08,"WHY(gkse****)","꿀잼 잘만듬"
"500",2013-07-08,"원영(noag****)","3번을 넘게 <U+0094>f지만..정말 잘 만든 영화..."
"501",2013-07-08,"khdt****","재미있었음요"
"502",2013-07-03,"신길동Rex(kimk****)","제가본영화들도 다재미있고했지만 광해 최고인거같아요^^"
"503",2013-09-22,"SHIELD(jesu****)","티비로 봤는데 잼있네? 외국인들도 봤음 좋겠다"
"504",2013-09-22,"지아(simg****)","감동과 재미!최고!"
"505",2013-09-22,"텔라(jamp****)","재밌네요"
"506",2013-09-22,"amatory(kshk****)","진정한 지도자가 누구인지 깨닫게 하는 영화.. 명작이네요. 잘 봤습니다."
"507",2013-09-22,"xkrr****","굿 진짜 내가 본 영화중 최고임"
"508",2013-09-22,"민지(elru****)","어쩐지 멋있다 했더니 류승룡이였어.."
"509",2013-09-22,"육감(suwo****)","굿"
"510",2013-09-22,"하이그래(thsd****)","10점"
"511",2013-09-22,"화니꼬(qheo****)","관상보고 실망을하고본 사극이라그런가?너무잼이따 이병헌멋있옹"
"512",2013-10-08,"rock****","걸작(傑作)...."
"513",2013-09-23,"최기원(rldn****)","이 영화 진짜 볼만하다"
"514",2013-09-23,"이클립스(pira****)","한국영화에 평점 잘 안남기는데 정말 잘만들엇네ㅎㅎ"
"515",2013-09-22,"alfl****","다시 봐도 정말 감명깊은 영화네요"
"516",2013-09-22,"kimj****","재밌네요"
"517",2013-09-22,"junj****","굿"
"518",2013-09-22,"루시퍼(powe****)","영화관에서 안<U+0094>f던가라 .. 재미없겟지하구 그냥 보고잇섯는데 볼매영화내요 ^^ 잘<U+0094>f습니다"
"519",2013-09-22,"USA(usa0****)","나는 조선의 임금이요"
"520",2013-09-22,"스파르타(dlwl****)","이병헌의 연기력은 최고다."
"521",2013-09-22,"훈남뿌잉(ljw9****)","이병헌의연기력이돋보이는영화"
"522",2013-09-22,"도장(soyo****)","추천합니다!"
"523",2013-09-22,"공백(star****)","이 영화보고 광해군이랑 허균에대해 찾아봄...흥미롭고 짱재밌음 추천추천"
"524",2013-09-22,"콘쵸의노예(chan****)","말이필요없내"
"525",2013-09-22,"박준화(wnsg****)","엿드시오?정말 재미있게 봤습니다?영화대로라면 광해의 주된 업적인 대동법, 실리외교는 모두 가짜가 했네요?이러면 진짜 광해는뭐가되나요 ㅠㅠ 이 두 업적은 훗날 인조반정의 명분이 되니까 영화대로라면 진짜 광해군은 빌어먹을 가짜놈 때문에 폐위를...ㅋ"
"526",2013-09-22,"헬로키티(dmsn****)","정말 재밋기도하고 감동도있는 정말 좋은영화!!진작볼걸 ..."
"527",2013-10-13,"mnnnnm(zmmz****)","똥타령할때 진짜 배꼽 빠지는줄 알았다"
"528",2013-10-13,"Hh(rlaw****)","처음부터 끝까지 지루한부분없이감동과 웃음 모두를 준 영화."
"529",2013-10-13,"엥엥이(cruc****)","몇번을 다시봐도 명작!"
"530",2013-10-13,"궁이(asqz****)","한국영화치곤너무잘만들었다 웃기기고하고다만아쉬운건 마지막에감동이쫌..."
"531",2013-10-08,"바로셀로나(dlsd****)","신의한수 라는말을 이런때에 쓰는거구나 아하"
"532",2013-10-08,"GT(vcv0****)","진짜 이런게 잘 만든 영화지..배우들 연기나 스토리,연출력 다 좋았음"
"533",2013-10-07,"Lucky Guy(leeh****)","아 검사.죽을때ㅠㅠ 이병헌 다시올때 ㅠㅠㅠ"
"534",2013-10-07,"우주두더지(wlgh****)","영화 전반적으로 큰 인상을 받은것은 아니지만, 이병헌의 연기는 정말 멋졌다."
"535",2013-10-05,"영원히강동원(kh69****)","최고의 사극영화. 광해 이후로 사극영화에 푹 빠져서.. 관상도 보게 되었죠.. 이병헌의 연기는 정말.. 미친것 같다는 표현이 딱 맞네요. 죽기전에 반드시 봐야할 영화!!"
"536",2013-09-30,"무후(mooh****)","이제서야보다니...이병헌의연기 탄탄한줄거리 대박입니다 ㅎㅎ"
"537",2013-09-29,"Saicaruna(tgij****)","최고다 말이필요없다."
"538",2013-09-29,"aodr****","만족스러운 영화.만족스럽다."
"539",2013-09-29,"TYUILO(coco****)","이병헌의 연기와 추창민 감독의 연출력에 경하를 드리는 영화"
"540",2013-09-29,"인사(bupl****)","정말 너무너무 재밌네요. 제가 본 영화중에서최고. 이건 정말 별점 10점받아야 마땅."
"541",2013-09-26,"소아저씨(jjan****)","말이 필요없다. 연기와 스토리 두마리 토끼를 다 잡은 영화, 이병헌의 OOO기력!!!!"
"542",2013-09-25,"김예진(rlad****)","내용도 최고 연기도 최고"
"543",2013-09-25,"행운(jiho****)","진짜 재밌게 봤습니다. 연기를 잘해서 그런가 더욱 재미있게 봤어요."
"544",2013-09-24,"쓰리스타(wpfh****)","1인2역연기 진심 연기 잘하심 그리고 도승지역할 류승룡씨도잘하심 ㅎㅎ"
"545",2013-09-23,"히히(hhwo****)","3번 봤는데 또 보고싶다. 계속 보고싶다"
"546",2013-09-22,"바람의언덕(sipj****)","평이하고 재미있게 잘만들어진 사극영화"
"547",2013-09-22,"부스트(jins****)","굿"
"548",2013-09-22,"배찌(bazz****)","ㅠ"
"549",2013-09-22,"hyunzooo(bing****)","냠"
"550",2013-09-22,"SuperStyle(kmg3****)","정말 몰입을 안할수없는 영화였어요"
"551",2013-09-22,"귤구와구(eleg****)","최고"
"552",2012-12-27,"bear****","지루..."
"553",2012-12-09,"악어융(yjya****)","그냥보기귀찬아서안보고있던영화다 ㅋ 근데이영화를학교에서보여줬고제대로보진안았지만흥미를느끼고집에와서봤더니진짜슬픈영화였다...아픈첫사랑의추억15년전의오해들... 그오해들이풀렸다해도지금까지함께했을까? 첫사랑이있었다면, 첫사랑의아픔을가지고있다면누구나공감할영화다"
"554",2013-09-22,"Delf(dik0****)","굿"
"555",2013-09-22,"푸른하늘(lju3****)","대박!!"
"556",2013-09-22,"해바라기(ehoo****)","꿀재미 ㅠㅠ 짱 ~♥"
"557",2013-09-22,"히어로(hams****)","진짜 대박이다. 대박 완전 감동임!"
"558",2013-09-22,"스칼렛(scar****)","대박이다진짜최고다"
"559",2013-09-22,"kysi****","처음부터 끝까지 재미.감동주는 영화!!!!!! 끝내준다 진짜"
"560",2013-09-22,"dura****","얼마만에 느끼는 한국영화 시너지인지 모르겠습니다..이걸 티비로보다니...미안합니다 이병헌 씨. 연기 하는 내내 이병헌씨의 진실어린 표정과 미소를 보면서 깨달았습니다. 나쁜 사람은 그런 미소와 표정을 지을수 없습니다. 최고였습니다. 강병규 는 쓰레기군요"
"561",2013-09-22,"tpqm****","저런왕 머싯다!!! 이병현연기 굿굿"
"562",2013-09-22,"yspl****","이병헌 연기.. 스토리 최고다.. ㅠㅠ"
"563",2013-09-22,"틈을주면안돼(qodl****)","60넘으신 울아빠 추석특집으로해준 광해보고 감동하셧다 눈물도찔끔 ㅇㅇ이런게 영화지~~~~제작진에 감사~~~"
"564",2013-09-22,"lvhu****","최고다"
"565",2013-09-22,"티모와 아이들(dksk****)","와ㅣ 이건 무슨 다시봐도 소름이야ㅋㅋ 소장할가치가있음"
"566",2013-09-22,"트리커(11xo****)","최고의 영화라 해도 과언이 아닌듯 앞으로 이병헌형님 영화는 다 챙겨봐야되겠음"
"567",2013-09-22,"주효진(hjin****)","거의 두시간 내내 집중력있고 감동하면서 본 영화같습니다 대단한영화에요"
"568",2013-09-22,"지원(hsun****)","이병헌의연기는 가히 최고다. 일인이역이라기보다 두사람이 연기하는거같단느낌.. 전반적으로 모든배우들의 열연이 돋보이고 탄탄한시나리오에 결말까지.. 왜 이영화가 천만관객인지 알거같다. 이제서야본걸 후회할정도로 너무멋진영화..."
"569",2013-09-22,"der5957(ehdr****)","진짜.....말이필요없는.작품이다.. 이병헌외에도 정말 훌륭한 배우둘이.있어 아름다운 작품이 만들어졌지만 왜이병헌이 할리우드까지진출을 할수있었는지 그의 재능과 능력을 증명할수있었던영화같다.."
"570",2013-09-22,"만지(alsw****)","대박대박!!!!!초대박!!이병헌이랑 류승룡 연기bb"
"571",2013-09-22,"ywc0226(rhfr****)","진짜 이만한영화.없다...."
"572",2013-09-22,"부레옥잠(doo1****)","정확히 3번봤는데 3번다 울었음ㅠㅠㅠㅠㅠ이병헌 별로였는데 이거보고 생각바뀜연기 존나잘함 진짜;;;;존나멋잇음왜 천만인지 알것같음ㅠㅠㅠ류승룡도 짱멋잇음ㅠㅠㅠ"
"573",2013-09-22,"kimj****","단연컨데 광해는 최고의 영화입니다"
"574",2013-09-22,"더블로(wkdg****)","그냥 최고"
"575",2013-09-22,"albl****","정말찡햇다.. .ㅜㅜ"
"576",2013-09-22,"Xherdan(gkst****)","무슨 말이 더 필요한가..."
"577",2013-09-22,"도도냥ㅇ1(love****)","다시봐도 감동적이네요잘봤습니다^^"
"578",2013-09-22,"balt****","우리나라에서 이만한 영화 별로 안나올듯 ㄷㄷ"
"579",2013-09-22,"하름(ve29****)","좋다. 잘만들었다"
"580",2013-09-22,"hello7(sare****)","이병헌은 이 시대 최고의 배우다~"
"581",2013-09-22,"다니(reco****)","최고"
"582",2013-09-22,"ks97****","선재미 후감동 꼭보셈진심임"
"583",2013-09-22,"에리제이(eji0****)","영화관에서 못본게 제일 후회가 된다... 재미도 감동도 주는 영화는 이렇게 흔치않을 것같다.. 광해역 잘 소화해낸 이병헌도 너무 멋있다!!! 앞으로 호감갈듯"
"584",2013-09-22,"쿠로(choi****)","근 1년간 본 영화 중 완급조절 연출 배우들의 연기 담고있는 이야기 등 이 모든게 잘 어울어져 감동을 비롯한 많은 감정을 느끼게 한 최고의 영화!"
"585",2013-09-22,"plmq****","이제야 보다니"
"586",2013-09-22,"lemo****","나는 이영화가 제일 재밌었던것같다.."
"587",2013-09-22,"꽃블링(hy01****)","연기자들의멋진연기와탄탄한스토리까지완벽한영화였습니다."
"588",2013-09-22,"icar****","최고"
"589",2013-09-22,"질소과자(jins****)","내가 이영화를 왜 귀찮다는 이유로 1년이나지난.지금에서야 보는지.... 몇번을 봐도 가슴이 울컥할것 같다"
"590",2013-09-22,"RRRR(ccom****)","아 이래서 천만ㅋ 지금봤네"
"591",2013-09-22,"qhdu****","아짱이다진?ㅋㅋㅋㅋ감독은천재인듯"
"592",2013-09-22,"우월한 할러데이(agsi****)","일년전 보고 이번에 평점을 쓰지만 매우 재미짐"
"593",2013-09-22,"클템짱짱맨(toma****)","다시봐도 너무너무 재미있다.한국영화 중에서도 손꼽을 영화."
"594",2013-09-22,"ther****","말이 필요없는 영화"
"595",2013-09-22,"배고파(xero****)","액션도 좋지만 JSA 넘사벽 나올까 했는데 (TV로 봐서 죄송합니다 ㅠㅠ 진성 연기파 배우 이병헌!!! 아 . . . 내 눈물을 어찌할꼬 ㅜㅠ)"
"596",2013-09-22,"박정미(wjda****)","진짜최고 짱짱짱짱짱"
"597",2013-09-22,"ps(pldo****)","다시봐도 굿굿 명작임"
"598",2013-09-22,"yj82****","처음볼때는 미친듯이 웃으면서 봤는데 울면서 끝나게 되네요"
"599",2013-09-22,"검호거궐(chee****)","스릉흔드"
"600",2013-09-22,"maxe****","살면서 평점 남긴 적이 처음이다 이걸 스크린으로 봤으면 더 좋았을 텐데 완벽한 영화다"
"601",2013-09-22,"시화(cmje****)","제가 생각한바로는 광해군은 예로부터 폭군으로 불리우나그속에는 또다른 진실이 있다고 생각이 됩니다.특히나 아무리 역사로 전해지는 왕이야기라고하나생각을해보면 그때의 신하들이 우호적이 아니었다고 가정해보면 광해를 폭군으로 기록했을수도있다고 생각합니다."
"602",2013-09-22,"푸(dlrn****)","재미와 감동, 두마리 토끼를 모두 잡는 영화"
"603",2013-09-22,"행복한우리집(natu****)","다시봐도 잘 만든 영화."
"604",2013-09-22,"212e****","나만펑펑움?ㅜㅜㅜㅜ으엉어ㅜㅠ"
"605",2013-09-22,"유유융(ljg3****)","영화보면서 계속 울었음 ㅠㅠ재미와 감동 두개 다 준 영화!!"
"606",2013-09-22,"dlru****","돈주고 봐도 안아까운 영화"
"607",2013-09-21,"별들에게물어봐(lett****)","..이영화 뭐야..!!"
"608",2013-09-21,"서란(tumb****)","빈잔을 따뜻한 차가 채<U+009F>m을때"
"609",2012-11-16,"yjp1****","굳"
"610",2012-10-29,"QQ(hlch****)","따뜻하네"
"611",2013-09-21,"만화가(whww****)","그저 소소한 재미...이병헌의연기만은 소소하지 않다"
"612",2013-09-21,"야생의 아들(sjzm****)","이병헌, 이중성을 보여주다! 근데 그거빼곤 뭐..."
"613",2013-09-18,"마님왠쌀밥(gusg****)","이제껏 영화를 많이 봐왔지만 끝나자마자 또 보고 싶은 영화는 처음이다..진짜 소름돋게 개재밌다..이병헌 진짜 이 영화보고 남자인 나도 반해버렸다내생에 최고의 영화"
"614",2013-09-06,"메리블루(hpr0****)","그냥... 되게 재밌음"
"615",2013-08-28,"김태훈입니다(tuta****)","10점을 줘도 아깝지 않을 영화 ,,"
"616",2013-08-28,"소름이(lzh0****)","이좋은영화를지금보네요"
"617",2013-08-27,"level up(dnjs****)","이병헌 대다나다"
"618",2013-08-27,"love****","굿"
"619",2013-08-24,"기억속의(kyo8****)","세번이나 오프닝만보다 오늘에서야 다보고나서 왜이제서야봤을까 후회했다. 좋다 좋은영화다"
"620",2013-08-24,"에드워드(fama****)","지금에야 봤는데 긴장감을 낮췄다가 올렸다가 관객을 웃고 울리는군요 정말 웰메이드영화입니다."
"621",2013-08-23,"이여진(jeal****)","원래 귀찮아서 평점같은거 잘안주는데.이건 너무 심해요 ㅠㅠㅠㅠ"
"622",2013-08-23,"ydd7****","영화속의 조정대신들과 현재의 정치인과의다른점은무엇입니까 ?란의문을남겨주는 명작 국민들이 전부<U+0094>f으면합니다."
"623",2013-08-10,"콜롬비아(smar****)","이병헌씨 연기 너무 잘하시네요 영화보면서 울다가 웃다가 오랫만에 영화 다운 영화 본거같아서 정말 만족합니다 이병헌씨 영화는 다 재밋거같아요"
"624",2013-08-10,"화조풍월(rudg****)","이영화에 1점주는 OO들은 뭐지?암튼 꿀죔!"
"625",2013-08-06,"트리버(chew****)","추창민은 천재다. 하는 영화마다 어떻게 이럴까."
"626",2013-08-06,"이상원(tjem****)","심해,브론즈가된남자"
"627",2013-08-06,"kkka****","연기도좋고 각본도좋고 연출도 좋았어용ㅋㅋㅋ간만에 한국영화 재밌게봤음ㅜㅜ"
"628",2013-08-06,"인빈서블(wjdg****)","최고"
"629",2013-08-05,"pumpkin(jgh6****)","천만영화 중 최고다!!"
"630",2013-08-05,"낙순(ofe4****)","1. 각본, 연출, 연기 3박자가 완벽하게 어우러진 영화2. 웃음과 눈물의 밸런스가 아주 잘 맞는 영화3. 잘못 알려진 광해군을 재조명하여 역사적으로도 의의가 있는 영화4. 음악, 미술, 의상적인 요소들이 고풍스럽게 잘 표현되어 있다."
"631",2013-08-05,"seyu****","이병헌의 연기가 절대 과평가받는게 아니었구나...모호한 정치적 메시지와팩션이 가져다주는 혼란 때문에 -1점 ㅎㅎ"
"632",2013-08-03,"쵸파(sang****)","우리나라 최고의영화다 ., ... 소름이 끊이질 않는다 눈물까지 나는 영화다"
"633",2013-08-03,"우엉라기(capt****)","이 영화에 10점 안주면 어떤 영화에 줍니까"
"634",2013-07-31,"베레기(dlrk****)","지렷다"
"635",2013-07-31,"신동(sdm1****)","굿"
"636",2013-07-31,"체게바리(sent****)","good"
"637",2013-07-31,"jamb****","좋았음"
"638",2013-07-29,"기트레스(yuhw****)","정말 시간이 지난 지금 까지도 가슴에 남는 영화 입니다"
"639",2013-07-26,"쁘담쁘담(kid3****)","정말....소름돋게 재밌어요! 내용들이 머리속에서 떠나질않아요! 짱!ㅋㅋ"
"640",2013-07-21,"준수(susu****)","굳"
"641",2013-07-18,"Calamar(spai****)","최고."
"642",2013-07-18,"gpql****","대기업의 농간 때문에 폄하 받지만 그래도 천만관객에 부끄럽지 않은 영화다 정말 해*대 같은 영화 생각하면......"
"643",2013-07-16,"올빽(dhfq****)","최고!"
"644",2013-07-13,"뮤즈(pure****)","광해 정말재미있어요"
"645",2013-07-10,"타치코마(jomh****)","눈물이 났다."
"646",2013-07-08,"CM희다(kiss****)","최오"
"647",2013-07-08,"코핑(ekwn****)","한국영화를 다시 살린영화"
"648",2013-07-07,"가람쥐(rkfk****)","여운이 남는 영화. 오래 기억에 남을 꺼에요^^"
"649",2013-07-06,"초케맛(dytp****)","작년에 봤지만 최고라 잊을 수 없다"
"650",2013-07-02,"팬텀(ghrk****)","굳"
"651",2013-07-02,"kimj****","배우들 연기도좋고 스토리도 너무좋아서여러번봤네요^^"
"652",2013-07-01,"냐하(dong****)","대박"
"653",2013-06-28,"고객(kjuu****)","앵간"
"654",2013-06-25,"dlkad(op48****)","한국영화중 젤재밋다"
"655",2013-06-24,"민지(djdi****)","짱!!ㅋㅋ"
"656",2013-06-24,"폼브(pbpo****)","최고"
"657",2013-06-23,"슈퍼맨(supe****)","이렇게 제대로 만든 영화 참으로 오랜만이오..."
"658",2013-06-23,"재개(ddon****)","말이 필요 없다. 영화 보는 내내 다른 생각을 할 겨를이 없었다."
"659",2013-06-22,"김민자(kmj6****)","봐도봐도 안질리는 영화! 이병헌의 연기 짱!!!"
"660",2013-06-20,"할로(glad****)","기대를 훨씬 뛰어넘는 영화... 엔딩이 아쉽지만 명불허전 이병헌과 한효주의 매력에 빠질수 밖에 없는 영화"
"661",2013-06-20,"rlad****","굿!ㅎㅎㅎ"
"662",2013-06-18,"단미(gofl****)","진짜 대단한 영화 재밌게 봤다"
"663",2013-06-14,"이래(tlwm****)","웃음과 눈물이 함께하는 영화ㅜㅜ 정말 훌륭한 한국영화"
"664",2013-06-13,"jp47****","역사는 승자에 의해 기록되는데, 비록 픽션이지만 광해를 재조명 해봐야되지 않겠남? 가짜 광해같은 치자가 나오길 기다리며...."
"665",2013-06-13,"타자왕(ieew****)","재미있다... 우리나라도 저런 지도자가 있으면 좋을텐데..."
"666",2013-06-01,"꿩(tjeh****)","저런 왕이라면 나라도 감동먹었을거야.."
"667",2013-05-21,"sotf****","최고다...진짜 최고다.."
"668",2013-05-15,"카이젤(kyje****)","멋진 연기, 각본, 촬영, 의상, 이병헌의 왕."
"669",2013-05-06,"브레스(neow****)","지금이나 예전이나 개혁을 두려워하는 기득권자들이 문제다."
"670",2013-03-10,"tsch****","비겁한 CJ의 밀어주기 한판."
"671",2012-10-07,"dlsn****","OO dog baby 아18 다 꽃같애..한가인 울면서 욕할때 왜 그렇게 눈물이 흐르던지 이장면이 모든걸 함축하고있는 최고의 명장면. 결말이 현실적일순있지만. 현실이 꼭현실적인것도 가장행복한것도 아닌듯.."
"672",2013-03-01,"오뎅(sant****)","솔직히 이거 재밌냐? 보는 내내 캐스팅빨이라고 생각이 들 정도로 재미없던데..."
"673",2013-02-23,"그림자놀이(haut****)","기대했던 작품성은 없다. 흥미로운 소재와 좋은 연기를 현실성이나 깊이라곤 없는 전개가 다 깎아먹고 뒤로 갈수록 지루하기까지. 5~6점이 적당하지만 거품이 많이 낀듯해 더 짜게 준다."
"674",2013-02-22,"axis****","여기 알바천국인가; 결말 흐지부지; 단순 코미디요소만 가미시키고;그냥 그럭저럭 킬링타임용으론 볼만했는데 뭐가 그렇게 재미있다는건지;"
"675",2013-02-10,"호구왔는가(beat****)","데이브란 영화 보고 왔는데 광해랑 완전 똑같더군요. 감독이란 작자들.. 양심팔고 돈만 벌면 장땡?? 뭐 한국감독들 헐리웃 까배끼기 하루이틀은 아니지만 . 양심팔아서 큰돈 버셨으니까 기부도 좀 하시고 좋은곳에 쓰시길 바랍니다. 영화는 절대 만들지 마세요"
"676",2013-02-10,"bjj1****","처음부터 끝까지 엉성하고 조잡한전개 영화제작하는 입장에서보면 발로 만든 영화임"
"677",2013-02-08,"몽상가(seul****)","감동적인 면을 과하게 부각시켰고 코미디적인 요소를 집어넣으려 많이 애쓴느낌. 영화라지만 사실과 너무 동떨어지게 연출하여 보기 부자연스럽다. 그래서인지 지루하기까지함"
"678",2013-02-08,"blackpantom(jjle****)","표절작이라니.. 실망이 큽니다..."
"679",2013-02-06,"yjat****","천만관객까지갈영화는아닌거같은데...ㅋ"
"680",2013-02-05,"dfen****","한국판 데이브. 뻔한 감성팔이, 뻔한 권선징악, 뻔한 클레세."
"681",2013-02-04,"i4le****","논리라곤 전혀없는 감성에만 치우친 영화"
"682",2013-02-04,"thdd****","너무억지다.."
"683",2013-02-03,"maxf****","우리나라 사람들 영화보는 수준이 이정도 밖에 안됐어? 억지감동 만들려고 일부러 설정하는거 짜증나지않음. 한국사람들 감동시키기 쉽네. 이럴줄 알았으면 나도 감독할걸."
"684",2013-02-03,"재하(sofd****)","광해, 데이브가 된 남자"
"685",2013-02-03,"afri****","과대평가"
"686",2013-02-02,"페가수스(milk****)","광해만 봤을땐 참 잘만든 영화라고 생각했는데 데이브를 보고나니 이 어처구니 없는 상황은 <U+0092>o미??????????????????????????????????????????????????????????"
"687",2013-02-02,"ㅡ(life****)","4000원주고 다운받아봤는데 4000원 괜히냈다 싶을정도로 단순한 스토리의 영화."
"688",2013-02-01,"본인은 본인이야(vnfa****)","그저그런 한국영화"
"689",2013-02-01,"sime****","별로... 좀 과하게 억지스럽다.근데 이렇게 만들어야말그대로 남녀노소를 끌어모으는거겠지."
"690",2013-02-01,"이석준(ujun****)","너무 비현실적이고 어슬프다... 너무 이상적으로 가서 감동이 안온다"
"691",2013-02-01,"zxca****","억지감동"
"692",2013-02-01,"랄라라랄라(tjsd****)","솔직히 뭐가 재밌다는거임? 다 뻔한 전개 아니였음 왕 되는거 뻔한 구성이여서 보느내내 아 역시 내가생각한데로구나..간간히 웃기고 그건 어느영화나 마찬가지인데 평점이 저정도는 아닌것같아서 1점줌"
"693",2013-01-31,"pes5****","별로"
"694",2013-01-31,"브이(ynki****)","천만 넘으려면 이렇게 만들어야 되나? 한국영화를 망치는 데는 관객들도 큰 역할을 한다."
"695",2013-01-31,"akw1****","도둑들이나 광해나 한국영화 망치는 주범들"
"696",2013-01-31,"zibra(haha****)","진짜 데이브랑 똑같네.. 함 보고와보세여 등장인물도 역할도 거의 같고 근데 데이브가 더 잼잇음"
"697",2013-01-31,"Hong드로(chi1****)","이병헌이 아무리 날고긴다 하더라도 짝퉁은 짝퉁!!! 감독 정말 창피한줄 알아라 데이브에 저작료는 지불하고 영화만들었음??? 명품짝퉁들이랑 뭐가 달라!!"
"698",2013-01-31,"oasi****","대종상 15부문수상에 빛나는 표절 영화"
"699",2013-01-29,"gksr****","평점거품 쩌러..한국영화치곤 완성도는 높지만 그냥 딱 뻔한 진행. 그래도 부분부분 유머코드가 지루함을 덜어주긴 했지만 그 이상 이하도 아니라 생각 평점 8.5 ! 킬링타임용으로 나쁘지않지만 기대는 하지말고 보자"
"700",2013-01-23,"myot****","-_-;;;; 평점 리뷰에 공감을 못하겠음.. 알바인거 같기도 하고.."
"701",2012-12-14,"uni5****","이게 왜 9점짜리 영화??"
"702",2012-12-12,"gars****","거품 드럽게 많이 낀영화.."
"703",2012-12-09,"kimi(nich****)","아직도 안내리냐 .이영화땜에 다른영화 들어갈자리 없다.존나 질긴네"
"704",2012-12-02,"김향(aldb****)","나는 별로...노림수가 분명하고 전개가 억지스러웠다. 말보단마음으로 느끼게 하는 영화였으면.."
"705",2012-12-02,"침략(rktl****)","더러운알바들 내려가거라"
"706",2012-11-30,"nana****","나는 별로...노림수가 분명하고 전개가 억지스러웠다. 말보단마음으로 느끼게 하는 영화였으면.."
"707",2012-11-23,"풀샤이(full****)","이영화를 먼저보고,데이브를 나중에 봤다.. 데이브를 먼저 볼걸 그랬다. 이런영화가 엄청난 관객동원과 한국영화제에 모든 상을 휩쓴것이 너무나 안타깝다.."
"708",2012-11-20,"옐로(noec****)","남편도 그렇고 사람들은 재밌다는데 난 왜 그냥 그렇지"
"709",2012-11-17,"culi****","이건 좀.. 아니다... 코믹물로써 이해는 하지만 전혀 감동적이지도 구성이 좋지도 않다.. 말도 안되는 만화같은 스토리에 더 말도 안되는 왕의 형상을 그리는 초딩수준의 판타지 스토리."
"710",2012-11-16,"lynd****","기대를 많이하고 본 것에 비해 무척 실망스러움."
"711",2012-11-15,"orag****","그냥"
"712",2012-11-14,"zkssk(can_****)","평점 너무 높다.. 나도 재밌게 봤지만 이건 너무 높다.. 8점이 적당할 듯"
"713",2012-11-12,"치히로(46to****)","거품을 제거합니다. 해외에 나가면 쪽팔릴 영화."
"714",2012-11-12,"미카엘(hans****)","네이버 점수는 조작냄새가 풀풀나네..."
"715",2012-11-11,"ss24****","데이브따라한표절작. .따라해도진짜너무따라한표절에쫄작이딘"
"716",2012-11-11,"sdis****","저아래 전문가가 스토리가 탄탄하댄다...표절한 영화가지고..표절영화가 이렇게 흥하니 너도나도 표절.. OO"
"717",2012-11-08,"goeiwls(hyoe****)","그럭저럭 볼만했는데 이정도로 극찬할정도인지는 잘모르겠다. 얼마전 광종상때도 그렇고."
"718",2012-11-08,"천통발해(neut****)","평점 6점 정도가 적당한 듯.. 여기 10점 <U+008B><U+009A>린 알바가 많아서 적정점수 차원에서1점 때림 배급사의 독점의 횡포를 느끼게 해준 영화"
"719",2012-11-07,"데이지(eve9****)","볼만은하다 ...하지만 거품이 넘 심한거아닌가???"
"720",2012-09-15,"Free(prai****)","아!! 나의 첫 사랑"
"721",2012-08-29,"vtoo****","굿"
"722",2012-11-07,"llti****","이게 한국 영화평론가의 수준이다. ㅎ"
"723",2012-11-01,"CATAPHRACT320229(snah****)","광해는 데이브라는 영화와 너무 흡사합니다. 사전에 판권을 샀으면 리메이크작이지만 아니라면 표절작입니다. 광해 좋아하시는 분들은 꼭 데이브라는 영화를 보기를 권합니다."
"724",2012-11-01,"뷰틔(ewq1****)","너무 과대평가된작품"
"725",2012-11-01,"홀든(drea****)","영화 보는 내내 하품만 나오고 작품성, 연기력 다 별로임. 왜 이런 영화 대종상을 받았는지 의문!"
"726",2012-11-01,"myju****","뭐 이정도까지의영화인가"
"727",2012-10-19,"geog****","데이브가 생각나는 영화......"
"728",2012-10-09,"신주영(yulb****)","평점이 너무 높은것 같다..."
"729",2012-10-09,"idah****","알바들의 향연."
"730",2012-09-30,"snak****","민망할 정도로 유치함. 억지로 강요하는 의도된 웃음. 영화임을 감안해도 무리한 설정. 의상과 배경 등 영상은 좋았습니다"
"731",2012-09-29,"jung****","이병헌연기는좋으나 뻔한스토리에지루하기까지.."
"732",2012-09-24,"김혜정(tcsk****)","완전 재미없는건 아니였지만, 평점은 개인적으로 9점 넘을만한 평점은 아닌거 같네요. 이병헌씨는 연기 잘하긴 하더라구요 역시... 근데 스토리가 그렇게 흡입력있지도 않고, 막판엔 좀 지루하더라구요."
"733",2012-09-23,"sing****","정말 오글거리는 영화. 좀 은근하게 드러내야지, 아주 대놓고 왕의 입으로 막 읊어대니 오글거려 못봐주ㄱ겠음. 내가 중학교 1학년이었다면 재미있었다고할지도."
"734",2012-09-22,"shsh****","다들재밋다는데 난 별로... 그냥 이병헌 구경하다 온 느낌"
"735",2012-09-21,"평행선(hing****)","이 영화의 정체성은 뭘까?? 웃기지도 않고 그렇다고 진지하지도 않고"
"736",2012-09-20,"calm****","평점믿고 가서 봤더니 대실망. 스토리도 로맨스 코미니 휴먼 정치 다 섞여서 감정이입할 시간도없이 빠르게 왔다갔다하고 사건진행의 키를 가진 가짜광해는 너무 일차원적이라 앞이 뻔하게보이고 볼만한건 진짜광해를 연기하는 이병헌연기뿐."
"737",2012-09-15,"조준호(munj****)","광해군에 대한 다른 해석을 영화로 만든것 같은데 얼마전 주지훈 주연의 왕이로소다 라는 영화와 도무지 다른게 없어보임, 억지전개 억지감동 억지웃음 볼껀 이병헌의 연기와 한복의 디자인??6점정도의 영화지만 평점이 너무 높아서 참고하라고 3점"
"738",2012-09-14,"rlaw****","네이버 평점 믿을것이,,, 못된다는 말이 맞군"
"739",2012-09-14,"uh99****","광해!!뭔가 큰것을 얻을려고 보러간다면 저처럼 허무하게 볼것같아요 소개되는내용 그대로가 영화전부구요 영화를많이늘린느낌?이병헌씨 연기는 원맨쇼수준으로 정말혼자 다찍엇다할정도로 연기는 좋았지만 내용은 생각이하. 영화에 주제가없네 이병헌연기에 딱오점!"
"740",2012-09-11,"음파(sym1****)","댓글들이 너무,,,,, 만들어진듯한 느낌은 나만 받는건가,,,,,"
"741",2013-09-22,"7699****","인물마다 보는 재미가 있어 지루하지 않고 괜찮았다."
"742",2013-09-22,"빛나는별(gsls****)","나도 왕이 되고싶소이다."
"743",2013-09-22,"odokx2(chw5****)","최고"
"744",2013-09-22,"spor****","최고의 영화지"
"745",2013-09-22,"아(zim4****)","마무리도 깔끔 굿굿"
"746",2013-09-22,"엄마친구(jehy****)","이유가 필요해?"
"747",2013-09-17,"방댕이(dlfc****)","한효주씨 배역이 좀 별로라고 생각합니다. 뭔지모르게 어색하다고 해야하나;; 영화 자체는 재밌습니다."
"748",2013-02-15,"BeSs(hih9****)","너무 과대평가된 영화라 1점. 영화인데도 수목드라마 혹은 순정만화마냥 너무 판타지스럽게 그렸다."
"749",2013-02-14,"seoj****","주관적인 총평이겠지만 과대평가 된 부분이 많은 영화같다"
"750",2013-09-22,"황소(hyks****)","보면서 대성통곡 했답니다. 광해가 어전에서 대신들을 향해 꾸짖을때 폭풍눈물 ㅠㅠ"
"751",2013-08-24,"다모토리(qjeh****)","가짜광해 아쉽다ㅋ 가슴에 상처만 안 들켰어도 효주를.... ㅎ"
"752",2013-02-12,"모닝맨(ockt****)","전혀수작이라 할만한 영화는 아닌듯 거품이 심해서 ,,국민수준이 낮아졌는지 아니면 배급사가 막강해서인지 이해불가"
"753",2013-10-17,"버섯(luky****)","굉장하다 영화보다 감명받아서 울뻔함"
"754",2013-10-16,"ㅇㅋㅂㄹ(fail****)","당시의 정치적 승자인 반대세력에 의해 평가절하되었다고 보는 시각에서의 광해군을 재조명하는 이야기인줄 알았는데 오히려 그 반대군요. 광해는 원래 무능력하고 그 닮은꼴 대역이 한 일이라... 픽션이 너무 많아서 이 영화로 역사를 보면 안될 것 같습니다."
"755",2013-10-16,"ho cood(dnfl****)","그냥 진짜 짱 이렇게 재밋있는 영화오랜만인거 같네요"
"756",2013-10-16,"정화씨(jiun****)","이병헌 짱짱맨 류승룡 짱짱맨"
"757",2013-10-16,"혼자걷는아이(govl****)","개봉 후 극장에서 봤을때도, TV를 통해 다시봤을때도눈물을 왈칵 쏟게한 영화. 진정한 한 나라의 지도자란 어떤사람인가에 대한 생각을 하게한 영화. 연기도 연출도 모두 좋았다."
"758",2013-10-16,"햇살공쥬(jind****)","최고..최고..감동 재미 탄탄한스토리..오늘날 정말 와닿는 정치"
"759",2013-10-16,"호박고구마(thgu****)","말이필요없다.. 왜이제야봤을까..대박이다 그냥 소름이다"
"760",2013-10-16,"낑깡(minj****)","재밋다 이병헌연기진짜잘한다.."
"761",2013-10-16,"kiss****","다시봐도 감동이....영화 최고"
"762",2013-10-15,"ㄱ(rnjs****)","벌써 10번넘게 보고있습니다 그정도로 재밌어요"
"763",2013-10-15,"배태랑(wana****)","작품의 완성도를 떠나서, 어처구니가 없다! 부끄럽지도 않은가! 20년이 지나면, 데이브(1993)가 연기처럼 사라질줄 알았나! 어떻게 이럴수가! 천만흥행이 당장은 신나겠지. 장차 한국영화의 파급력이 온세계로 퍼지면, 너희는 수치심으로 지옥을 맛보리라!"
"764",2013-10-15,"흑월랑(yist****)","이병헌의 멋진 2중 연기를 볼수 있는 영화 ....같으면서도 다른 느낌....그리고 탄탄한 스토리로 집중할수 밖에 없는 영화"
"765",2013-10-15,"wook****","두번 봐도 정말 재밌고,감동이고,웰메이드란 느낌이 들어요."
"766",2013-10-15,"꽃게(swj0****)","요즘 정치인들이랑 비교하면...."
"767",2013-10-15,"나른하게(dud8****)","오 간만에 잘본 한국영화"
"768",2013-10-15,"사향(jaeh****)","정말 말로 표현할 수 없는 재미가 있네요. 최고입니다."
"769",2013-10-15,"Bella Luna(thak****)","본지 이틀이 지나도 여운이 가시질 않음ㅠㅠ 이병헌 씨 연기에 신들렸다 진짜... 왕의남자 이후로 천만 부끄럽지 않은 영화!!"
"770",2012-08-18,"cupi****","저 시대 건축학도로써 저러진 않았는데 ㅋㅋ..재미있게는 봤음"
"771",2013-10-14,"파페포포(alsw****)","정말 재밌게 봤습니다~^^"
"772",2013-10-14,"Borderline(dpqj****)","이병헌 다시봤습니다. 그간 작품도 제대로 안보고서 얼굴로 먹고사는 배우겠거니 생각했었습니다.. 연기를 정말 자연스럽게 잘하네요, 목소리도 좋구요.. 영화도 정말 재밌습니다."
"773",2013-10-14,"제주도어디까지가봤니(gus1****)","생각하게하는 영화.."
"774",2013-10-14,"한그림(dust****)","한국영화 치고는 잘 만들었지만 아무리 그래도 9~10 점영화는 아니지 객관적으로 7점대 중반정도가 적당하다.."
"775",2013-10-14,"클린야갤러(jgw1****)","광해=관상=왕의남자 ㄹㅇ 보면서 카메라도 그렇고 전개 과정이 레알 세작품이 너무 유사함 새드 엔딩도 그렇고"
"776",2013-10-14,"tech****","최고네.. 백성을위한"
"777",2013-10-14,"Hugh(cjh8****)","최고의 사극! 최고최고!"
"778",2013-10-14,"star****","내생애최고의영화!!! 다시봐도 그감동은 여전하네용~"
"779",2013-10-13,"달빛(vlfk****)","너무나재미있었다허균선생"
"780",2013-10-13,"mens****","한국영화는 알바넘들때문에 평점을 믿지 않는데 이건 영화 잘만들었네. 이병헌을 그닥 안좋아했는데 이 영화로 보는 관점이 달라질 만큼 연기도 너무 좋았다. 올만에 한국영화 잘만든것 하나 나왔군"
"781",2013-10-13,"별빛속에(uwit****)","정말 최고의 영화, 최고의 배우, 우리 시대에 절실하게 필요한 왕."
"782",2013-10-13,"맘대로정지시키지마(kkj9****)","역시 이병헌 이민정한테 장가가도 손색이없구만"
"783",2013-10-13,"reminiscence(many****)","감동적인 최고의 영화."
"784",2013-10-13,"하이롱(msa3****)","픽션과 논픽션 그것은 중요치않다.중요한것은, 메세지.모든걸 뛰어넘는 감동과 울음이 있었다."
"785",2013-10-13,"life****","연기가 무엇인지 그가 얘기한다. 격이 다른 연기, 차이를 느끼고 싶으시다면 꼭 보십시오."
"786",2013-10-13,"hg오너(cred****)","코믹 사극영화인지 알고 봤던 것이 후회스럽다.대한민국 땅에 필요한 영화"
"787",2013-10-13,"김맹(lool****)","이병헌은 안티도 이 한편의 영화로 잠재워버렸지"
"788",2013-10-13,"리노(coco****)","이병헌 연기는 진짜 소름돋음"
"789",2013-10-13,"쿠키(xogh****)","내가 영화는 잘 안보는데 , 수행평가때문에 본 이 광해는 정말 최고의 영화다..."
"790",2013-10-13,"시온(a141****)","슬프지만 아름다운 상상이다."
"791",2013-10-13,"토토(nost****)","한국판 왕자와 거지. 조선왕조 역사와의 절묘한 설정은 높이 살만 함"
"792",2013-10-13,"노가리(audt****)","왕이 되고 싶소이다.."
"793",2013-10-13,"Cute(pok3****)","키야..굿굿진짜대박"
"794",2013-10-13,"JungAh Alice Moon(liy8****)","말이 필요없음...정말로..."
"795",2013-10-13,"Think Twice(cndd****)","그냥 시험공부하다가 티비에서 하길래 봤는데 보는 내내 아무생각없이 넋빠져서 본거같다 다보고 나서 은은한 감동이 밀려온다"
"796",2013-10-13,"wjsd****","진짜 명작이다...."
"797",2013-10-13,"성훈찡(shwo****)","이병헌연기가진짜대단하네요 내용도대단"
"798",2013-10-13,"lieovt(ekdu****)","이 시대 필요한 영화!!!"
"799",2013-10-13,"manc****","정말 잘 만든 대중영화~웃음 감동 의미까지 충실하게 담겨있다"
"800",2013-10-12,"슈슈슝(nada****)","따뜻한 하선, 차가운 광해, 엣지있게 연기한 이병헌"
"801",2013-10-12,"하얀빗방울(dyte****)","흉터보여줄때진짜티비에서 눈을못땜"
"802",2013-10-12,"사카시(korc****)","꼭보아야합니다 최고입니다"
"803",2013-10-12,"SILVESTER(ery8****)","이런 장르의 영화를 보고 가슴 속에서 터져나오는 감동과 눈물을 흘린 적이 없었는데... 한국적 색감이 고스란히 스며들어 있고... 역사를 재밌게 재구성하니 너무 좋았어요"
"804",2013-10-11,"민혁(posi****)","영화 평가에 처음으로 댓글 남겨봅니다. 이 영화를 몇달전에 다운받아놓고 이제서야 감상한 제자신이 부끄럽습니다. 정말 최근에본 한국영화중에 최고였습니다. 제가 좋아하는 배우 이병헌의 진가가 제대로 드러난 영화인거 같습니다. 다른 배우분들도 최고였습니다!"
"805",2013-10-11,"rkwk****","보는내내 몰입감이 장난이 아니었다. 2시간이 너무 짧게 느껴졌을 정도로...이 영화 나름 잘 만들었네. 1000만 관객을 괜히 돌파한게 아니었어."
"806",2013-10-11,"e17veaqlefj(xulu****)","2012년을 대표하는 최고의 영화"
"807",2013-10-09,"sit7****","이것은 수작이다. !.!"
"808",2013-10-05,"생선(lipe****)","너무 재미있어요. 감동."
"809",2013-10-05,"필터기(dlwh****)","솔직히좀지루했습니다 하지만 거의완벽에 가까운 한국영화였습니다 이영화는 단언컨데 완벽한영화입니다 ㅎㅎ"
"810",2013-10-05,"이차반(boyh****)","진짜 대박이다...사극 싫어하는데 진짜 재밌게봄 내가 본 한국영화중에 최고"
"811",2013-10-05,"그지깨깽이(xodz****)","재밌으면서 짠하다 정말재밌음"
"812",2013-10-04,"나무죠앙(rain****)","나 첨으로 평점 남기거든? 진짜 존/나 개 개밋고 연기 쩔고 진짜 안본다람 무조건 봐라."
"813",2013-10-04,"삐딱500(leec****)","좋은 작품입니다. 이병헌의 연기가 돋보였어요..."
"814",2013-10-03,"버섯도인(ghkf****)","너무 진한 감동이었습니다"
"815",2013-10-03,"보안관(life****)","정말 최고라는 말밖에..."
"816",2013-10-03,"ljg9****","자리가 그 사람을 만드는가. 아니면 사람이 그 자리를 만드는가. 모두 아니다. 사랑이 사람을 만들고 그 사랑이 모든 것을 가능케 한다."
"817",2013-09-27,"바람(bara****)","처음봤을땐 7점, 두번째 9점. 세번째 보고나니 아낌없이 10점! 이병헌이라는 월드스타의 소름돋는 연기력과 류승룡의 완벽한 하모니. 왕이 되고 싶소이다.. 나도 그대가 진정 왕이 되었으면 바랬나이다...."
"818",2013-09-27,"Manaus(nost****)","Very good!!"
"819",2013-09-26,"nobl****","이병헌씨 정말 연기 잘하고 완전 영화 강추 입니다."
"820",2013-09-26,"yuns****","말이 필요없다. 역대 최고의 사극영화가 될 듯 싶다."
"821",2013-09-25,"무표정(jta1****)","명불허전 이병헌 ..."
"822",2013-09-25,"aka달팽(goko****)","이병헌에 반했고 추창민 감독에게 반했다. 다른 말이 필요하리..."
"823",2012-08-07,"mhth****","감독이 8월의 크리스마스 같은 작품을 만들고 싶어했다. 그 때 진정한 성공이 다가왔다. 마음속에 자리잡고 있던 생각이 고마운건 처음이다."
"824",2013-09-25,"다크여인(yods****)","사극 영화중 제일 재밌었습니다! 감동도 있고 엄청 웃기고 여러번 눈물도 훔쳤네요. 이병헌씨와 그 외 다른 역의 배우 분들의 연기도 정말 잘 봤습니다!"
"825",2013-09-24,"pete****","창의력돋는 아이디어 부터 이병헌의 명품연기 까지. 흠잡을게 없음"
"826",2013-09-24,"아임유(wsua****)","뒤로갈수록 볼만했다 국민을 진정으로 생각하는사람이 왕이되어야할탠데"
"827",2013-09-24,"kgy4****","꿀잼"
"828",2013-09-24,"아니아닝(blue****)","이제서야봤다 재밌다 광해군에 대해서 알아보게 되었다"
"829",2013-09-24,"준유(eter****)","극장에 가서 보지 못한게 참 한스럽다. 왜 이병헌, 이병헌 하는지 제대로 보여준 영화. 한효주도 정말 중전에 걸맞는 기품이 외모나 연기에서 느껴지더라. 정말 최고.."
"830",2013-09-24,"나희(nhee****)","또봐도 재밌고 감동적인 영화^,^"
"831",2013-09-24,"ㅇㅇ(dmsg****)","이병헌 연기 물 올랐다 정말 볼만한 사극 영화 한 편"
"832",2013-09-24,"rhrn****","이병헌 연기력이 짱 ㅎㅎ 추석때 또 보는데듀 재미짐"
"833",2013-09-24,"tjdg****","진짜 말이 필요없는 영화..이병헌씨의 명품연기와 순간순간 나오는 개그까지..여태까지 봤던 한국 영화중에 제일 재밌었습니다."
"834",2013-09-24,"hyoj****","류승룡이며 이병헌이며.. 역사적으로 절묘하게 허구를 갖다 붙인 감독이며.. 너무나 완벽합니다~~!!!"
"835",2013-09-23,"new치타(scat****)","이병헌 하나 때문에 영화가 사는구나...ㅎㅎ; 아 진짜 이런배우가 또 나올라나...요즘 어린애들중에선 싹이 보이는 사람이 없던데....그리고 한효주....클라스 쩐다 진짜"
"836",2013-09-23,"하루살이(rhkr****)","재미있네요."
"837",2013-09-22,"시로(dydr****)","승정원 일지가 광해군 시절 일부가 소실된것을 소재로 이런 이야기를 이만한 완성도로 영화로 구현해낸 것이 정말 대단하다고 생각된다 하지만. 결말 부분에서 흐지부지 하게 끝낸 것이 많이 아쉬운 감이 남았다. 그것 외에는 달리 흠잡을데 없는 영화인거 같다"
"838",2013-09-22,"소식(rkdw****)","."
"839",2013-09-22,"딜레카(valk****)","광해군이 광해의 가짜 왕 처럼 역사에서 행동하면 옹호 세력이생겨 능양군과 간신들의 쿠데타를 막지 않았나 싶다영화는 최고였다!"
"840",2013-09-22,"WALKING PAPER(gotk****)","무리없이 좋은 대중들을 위한 웰메이드 영화"
"841",2013-09-22,"짚(gppp****)","짱ㅇ이다"
"842",2013-09-22,"지구를찰지게(clin****)","그냥 완벽하다"
"843",2013-09-22,"안녕하세요(maly****)","재밋다"
"844",2013-09-22,"아이구야(wjdt****)","재미있다"
"845",2013-09-22,"hell****","초능력을 가진자들이 누구나 슈퍼히어로가 아니다(영화 크로니클)갑자기 생긴 왕이라는 힘으로 진짜 슈퍼히어로가 되고 싶었던 어느 남자의 이야기."
"846",2013-09-22,"령혼(fkaq****)","커다란 감동과 웃음"
"847",2013-09-22,"capr****","추석 특선 영화로 봤는데 재밌네요"
"848",2013-09-22,"셰츠카인(litt****)","재밌다 죽이게"
"849",2013-09-22,"그냥인간(vin0****)","볼때마다 참 잘 만들었다는, 웰메이드 영화라는 생각이 든다 영화 전체가 재밌게 볼수 있게 짜여져있지만 가볍지만은 않고 또 역사와 연관한 스토리구성과 이병헌의 연기의 조화가 이 영화의 흥행 이유가 아닐까"
"850",2013-09-22,"더블조(dogo****)","한국인에게 400% 꼭 맞는 영화같다. 정말 대박. 영화의 모든 요소 하나하나가 다 살아있어. 최고. 그런데 너무 내 마음을 잘 건드려서 퍼펙트한 상업영화같다는 생각도 든다. 아무튼 꿀잼에 배역도 환상이고 그냥 대박임"
"851",2013-09-22,"자유로움(wjdq****)","ㅎㅎ"
"852",2013-09-22,"솜짱(ekth****)","대박 이렇게좋은영화일지는 몰랐음..보는동안 이병현의 대사에 소름도돋고 감동받았던영화ㅠㅠ정말 좋은영화같다!"
"853",2013-09-22,"목도리(wldn****)","와.. 영화보다 운적은 없었는데 집에서 처음 보고 폭풍눈물"
"854",2013-09-22,"pame****","최고....내가 왜 이걸 작년에 안봤지??이제야 본 내가 진짜 한심하다..."
"855",2013-09-22,"당나귀(zqkd****)","말이 필요없다"
"856",2013-09-22,"디자이어(sksw****)","극장에서 한번, TV에서 한번, 다운받아 한번 더봐야겠어요 ~ 다시봐도 질리지가 않네요."
"857",2013-09-22,"너굴라스(axc6****)","허균 역의 류승룡이 마지막에 한 대사가 가장 기억에 남는다"
"858",2013-09-22,"사랑니(kkc2****)","기록되지않은 15일 꽁트.."
"859",2013-09-22,"obu2****","천만관객은 이유가 있다"
"860",2013-09-22,"잘하자(mina****)","보고 싶었는데 지금보니 감동 이네 최고 였다"
"861",2013-09-22,"tntw****","진짜존경할만한왕임.."
"862",2013-09-22,"아리아(sang****)","넘좋아"
"863",2013-09-22,"팬돌이(vbcn****)","단연컨데 광해는 가장 세상에서 가장 완벽한 영화 입니다."
"864",2013-09-22,"dbal****","정말최고당!"
"865",2013-09-22,"5657****","두번봤는데 두번봐도 재밌는영화"
"866",2013-09-22,"홍노7(slau****)","말이 필요없다. 최고의 영화"
"867",2013-09-22,"gusw****","최고"
"868",2013-09-22,"By하늘(dudn****)","진심짱이다..진짜 내가본영화에서 짱짱인듯.나이거 티비로 첨보는건데 생각보다 완전 대작이다.."
"869",2013-09-22,"모자(5670****)","작년에 본건데 지금와서 평점 주네!"
"870",2013-09-22,"iNNit(yhs5****)","이병헌을 다시 보게<U+0089>榮?"
"871",2013-09-22,"Soul(noct****)","작년에 영화관에서 보고 또 보는건데도.. 너무너무재밋고 감동이다ㅠㅠ평점같은거처음ㅠㅠ"
"872",2013-09-22,"da97****","아 내가이영화 진작에 영화관에서 안봤을까..그냥 말빌요없고 굿굿♥감동적이네여 ㅠㅠ"
"873",2013-09-22,"master(tjdr****)","광해군....폐위되것과폭군만아니엿어도 세종에 이어 역사에 큰이름남길 왕이었을텐대"
"874",2013-09-22,"용더쿠(kyd9****)","극장에서 봤어야했는데"
"875",2013-09-22,"사랑이(fnpr****)","진짜..최고다보는내내울엇음"
"876",2013-09-22,"초록이말썽쟁이야(chor****)","한국사극영화중 단연 최고였습니다"
"877",2013-09-22,"magi****","대박ㅋㅋㅋ"
"878",2012-07-25,"설대생(djen****)","나도 이런 사랑 한번쯤 하고싶다"
"879",2012-07-14,"wetm****","마지막 기억의습작 노래흐를때...한가인은 참이쁜데 연기가..첫사랑 고백할때 그 중요한 장면을 그렇게 표현하다니.."
"880",2013-09-22,"엄동호(rpas****)","앞으로 몇년간 내인생의 최고의 영화로 길이 남을 만한 영화"
"881",2013-09-22,"스틱(4306****)","두 번 봐도 굿"
"882",2013-09-22,"파이(xyg2****)","최고의영화처음부터끝까지 지루한부분없이 몰입해서본영화는정말 오랫만이다...."
"883",2013-09-22,"사눈람(gksx****)","진짜 감동그자체 백성을 섬기는왕..."
"884",2013-09-22,"ran0****","생각하며 보게 되는 영화네요"
"885",2013-09-22,"야구와함께(hsl4****)","진짜 말이 필요없다... 대단하다"
"886",2013-09-22,"rain****","개쩐다는 말 밖에 할말이 없네.. 이병헌 연기 직이네..."
"887",2013-09-22,"공놀이(cimm****)","역시 극장에서 보고 티비에서 봐도 명작이네요근데 티비에서 편집이 과했네여"
"888",2013-09-22,"로쿠넬하(rknh****)","광해 보고싶었는데 이제서야보는ㅜㅜ진짜 진짜 대 명작품이다ㅠㅜㅠㅜ♥♥♥"
"889",2013-09-22,"항상 Happy(micm****)","와.. 벌써 광해가 개봉한지 1년이 넘었네요.. 그땐 친구들이랑 영화관가서 봤는데 언제 봐도 정말 감탄할만한 수작인것 같습니다"
"890",2013-09-22,"백지수(back****)","말이필요없는 최고의한국영화"
"891",2013-09-22,"하이드(dbdl****)","한효주이쁘다"
"892",2013-09-22,"qhsh****","2번이상을 봐도 감동을 받을 영화."
"893",2013-09-22,"이야호(back****)","내가 지금까지 왜 이걸 안보고 있었는지 후회된다."
"894",2013-09-22,"ka_a****","이병헌 연기력이.."
"895",2013-09-22,"19980427(qkrt****)","진짜 돈주고 봐도 전혀 아깝지않앗던 영화.티비로도 다시보여주니 좋네요!연기자분들 모두 정말 연기 짱이십니다.진짜 조선시대사람처럼 느껴지게!빠져들게!만들어버렷던 영화예요 스토리도 하나하나 정말..하아..이런 영화가 나와서 좋앗습니다!!!!"
"896",2013-09-22,"thdt****","최고.."
"897",2013-09-22,"냐타이(wlrm****)","이병헌 베스트 영화중 하나다"
"898",2013-09-22,"조 양(whdi****)","두번보고 두번다 울었음..이병헌 연기 짱짱"
"899",2013-09-22,"2상민(lenr****)","굿"
"900",2013-09-22,"sred****","영화참좋네요"
"901",2013-09-22,"꾸꾸까꾸까꾸(mgzg****)","최고 ㅇㅇ"
"902",2013-09-22,"할일만타(seon****)","대작이네요...눈물이막 나더이다...류승룡씨7번방서봤는데 ..눈빛연기완전살아있어요...병헌씨연기좋구넘말라애처로움....감동이에요...대박대박"
"903",2013-09-22,"고맙네(kihl****)","최고다 왜이제야봤을까"
"904",2013-09-22,"김진수(wlst****)","굳"
"905",2013-09-22,"글쎄(rlae****)","감동이네 영화관에서 봤음 더 좋았을걸..ㅠ"
"906",2013-09-22,"김태평꺅(qhgu****)","말이필요없는 명작. 이런게 진정한 영화라 할수있는듯"
"907",2013-09-22,"써클(rkwn****)","광해군은 조선의 왕이였다. 라는 말이 와닿내요.단언컨대 이 영화는 진짜입니다."
"908",2013-09-22,"stjd****","작년에 영화관에서보고 오늘 보여주길래 또봤는데..정말 두번봐도 아깝지않은영화다ㅠㅠ"
"909",2013-09-22,"마니또(vnvl****)","역사공부 도움 ㅇㅇ ㅋㅋ"
"910",2013-09-22,"tpdu****","원레평점같은거안쓰는데진짜대박인듯..."
"911",2013-09-22,"lala****","ㅠㅠㅠ 이병헌 연기 .. 말한마디의중요성과 인간성의승리"
"912",2013-09-22,"정 다이(hs36****)","진짜 최고 장난 아님. 극장에서 못 본 게 아쉽다. 왜쩐만 찍었는지 이제 알겠네."
"913",2013-09-22,"오올(rlad****)","광해.... 다시 한 번 생각하게 되는 조선의 왕"
"914",2013-09-22,"지지치(eotu****)","ㅠㅠ대작"
"915",2013-09-22,"까마귀(sixt****)","""엿드시오."" ㅋㅋㅋ울다웃다한다는게 이런거구나.."
"916",2013-09-22,"권수진(rha3****)","굿"
"917",2013-09-22,"kpuj****","티비로 이제서야 보게되다니 ... 영화 정말 잘만들었네요 ㅜㅜ"
"918",2013-09-22,"에스퍼(dhth****)","천만.. 할만 하네요..."
"919",2013-09-22,"qhd0****","걍 최고 말이 필요없다"
"920",2013-09-22,"Hyesi러브(rome****)","이상적인 임금의 모습"
"921",2013-09-22,"나은(ahen****)","존경합니다"
"922",2013-09-22,"SD(kjh_****)","영화관에서 안 본게 후회될 정도 ㅋㅋㅋ추석특선 ㄱㅅㄱㅅ"
"923",2013-09-22,"이현우(gusd****)","대박"
"924",2013-09-22,"ymp8****","최고의 영화. 마지막까지 완벽한. 감탄밖에 안나오는 한국영화의 최고봉"
"925",2013-09-22,"Lily(sjrn****)","좋다"
"926",2013-09-22,"계란(ckq1****)","초반엔 그냥 웃겼는데 중반부터는 울면서 봤네요.. 다시봐도 감동적인 영화예요."
"927",2013-09-22,"sgusorilgml(gusg****)","두번을 보아도 좋은 영화입니다"
"928",2013-09-22,"옳지옳지(hy2o****)","명실상부 한국 최고의 영화 중 하나!"
"929",2013-09-22,"am10****","진짜 최고ㅠㅠ 다시봐도 감동적 ㅠ"
"930",2013-09-22,"괴도동(donn****)","최고다 이병헌연기도최고 내가 본 영화 중 제일 많은게 남은듯"
"931",2013-09-22,"시즈나(aoal****)","이게평점이높은이유는 스토리가애매하지않아서임"
"932",2013-09-22,"민간인(jipa****)","20분 넘게 편집한거 같은데 아쉽지만 그래도 재밌어요 ~ 나중에 편집안된걸로 보시면 더 감동이고 도부장이 왜 목숨을 걸고 막는지 알게 되실거에요 bb"
"933",2013-09-22,"guest(mzon****)","방금kbs에서 틀어준건 편집이 좀 과했다 싶음.한20분정도가 잘렸는데 그 20분에 명장면으로 꼽히는장면이 많이들어있음...진짜 먼 편집을 알맹이만 쏙쏙했다냐...."
"934",2013-09-22,"빅뱅홀릭(cute****)","경 이건 진짜....말이 안나와..연기도 와...."
"935",2013-09-22,"김혜원(kkk6****)","지금 다시보고잇는데도 너무 재밋네요ㅠㅠ...역시 주연 조연이 연기파시니 영화또한 고급스러워요..너무 감동♥"
"936",2013-09-22,"미니연이(cofl****)","사월이를 애도...그리고 이병헌의 가짜역 처럼..헌신하는 현재의 최고위자가 있길...!!"
"937",2013-09-22,"네네네(hjw1****)","너무재밌어요ㅜㅜㅜ"
"938",2012-07-04,"angl****","정말 재밌음. 스토리는 밋밋하고 평범한데 영상편집같이 잘<U+0089>楹?암튼 감정이입이 잘된거가틈"
"939",2013-09-22,"spls****","우와 진짜 정치적 풍자와 정치에 대한 진솔한 얘기. 그리고 가끔 깨알 같은 웃음. 너무 재밌었어요 약간. 아쉬운건 하선이 계속 왕 역할을 했더라면 그것도 괜찮았을거 같은데."
"940",2013-09-22,"눈꽃가득(sama****)","정말 두사람인줄 알았다. 그만큼 소름끼치게 연기한이병헌. 영화 광해는 반드시 꼭 보라고 한이유를 오늘에서야 알게 되다니."
"941",2013-09-22,"호랭이기운(shou****)","개인적으로는 손가락안에 꼽힐만큼 재밌어요"
"942",2013-09-22,"Minji Kim(llme****)","병헌찡 연기 ㄷㄷ해"
"943",2013-09-22,"없음(rohj****)","보면서 소름여러번돋았습니다^^스토리가탄탄하네요"
"944",2013-09-22,"행복한튼튼이맘(sofo****)","정말 잘만들어진영화ㅜㅜ 최고입니다"
"945",2013-09-22,"그린나래(hayo****)","말이 필요없어요"
"946",2013-09-22,"wjdg****","tt"
"947",2013-09-22,"alsd****","진짜 보면서 많이 울었어요ㅠ스토리좋고 웃기기도하고 감동도주는 그런영화에요ㅠ"
"948",2013-09-22,"agaf****","ㄷㄷ해"
"949",2013-09-22,"뿌잉맹(msy3****)","영화관에서보고정말재밋엇는데다시보니더재밋어요ㅜㅜ"
"950",2013-09-22,"녹차맛(luna****)","꼭봐야댐!!"
"951",2013-09-21,"nasa****","조선시대 진정한 임금"
"952",2013-09-21,"소(crom****)","볼만함"
"953",2013-09-21,"서카(mila****)","두번봐도 감동이...ㅠ"
"954",2013-09-21,"dudn****","짱"
"955",2013-09-21,"백곰씨(nah3****)","제가 재밌게 본 영화중 손꼽히는 영화입니다."
"956",2013-09-21,"soplmm7845(ssol****)","정말 돈이 아깝지 않은 영화"
"957",2013-09-21,"sun7****","굿굿굿굿굿굿굿굿굿굿굿굿굿굿굿굿굿"
"958",2013-09-21,"98su****","처음엔 이병헌하고 한효주 때문에 봤는데 제가 이제까지 봤던 영화중에 가장 재밌고 스토리도 좋은 영화입니다ㅎ"
"959",2013-09-21,"zfoj****","ㅎㅎ"
"960",2013-09-21,"콩이(ymi7****)","걍 할말이없음"
"961",2013-09-21,"킹(chle****)","이룰수 없는 왕. 비극 적인."
"962",2013-09-21,"씐나양(als0****)","2번봐도잼있어요ㅜ"
"963",2013-09-21,"audw****","ㅇ"
"964",2013-09-21,"엘초딩(kcr8****)","재밋구먼허 허 재밋다재밋어유소포니"
"965",2013-09-21,"회상(tjdw****)","굿"
"966",2013-09-21,"융융이(eehf****)","재밌네요^^"
"967",2013-09-21,"늑대(audf****)","천만관객이 본 이유를 알겠네."
"968",2013-09-21,"행운(mons****)","말이 필요 없다"
"969",2013-09-21,"토프(ksa1****)","<U+0082>??"
"970",2013-09-21,"ㄱㅈㅇ(jool****)","대중들에게 아주딱 맞아들었던 영화. 광해군에대한 새로운이야기도 재미있었고 영상/편집/개그요소/감동 등등 여러모로 좋았음.이병헌과 다른연기자분들 연기는 역시일품! 이 영화는 충분히 천만감이었다고 생각함"
"971",2013-09-21,"blac****","만점... 합격"
"972",2013-09-21,"정기욱(ooks****)","많은 생각을 하게 하는 영화"
"973",2013-09-21,"동방의노예(appl****)","진짜 광해는 너무 재밌었어요 연기들도 대박이고 소름돋았었어ㅠㅠ"
"974",2013-09-21,"miah****","이병헌짱"
"975",2013-09-21,"꼬맹이(tjsa****)","말이필요없음 진짜소름끼치게 이병헌연기잘한다"
"976",2013-09-21,"체리피아(lisi****)","개인적으로 여태 본 한국영화중에 가장 훌륭했음 ㅋ 스토리만보면 버금갈 영화 많겠지만 영상미에 음악까지하면 정말 최고인듯"
"977",2013-09-21,"페이베이(fory****)","좋아!!"
"978",2013-09-21,"환(cool****)","최고"
"979",2013-09-21,"박츄(djjq****)","우리나라에 이런 대작은 굉장하다"
"980",2013-09-21,"쭈신이랑께(islo****)","재밋다"
"981",2013-09-21,"cock****","제가 본 왕은 늘 외로웠습니다"
"982",2013-09-21,"yoyo****","굳"
"983",2013-09-21,"매의눈(dash****)","믿고추천해줄수있는영화"
"984",2013-09-21,"아이돌(gksw****)","대박 ㅋㅋㅋㅋㅋㅋㅋㅋㅋㅋㅋㅋ"
"985",2013-09-21,"rhkd****","구우우우우우<U+009F>L"
"986",2013-09-21,"Ghooug(tjrw****)","가짜 광해를 위해 죽은 사람들.. 리더란 진정 무엇인가를 알게해준 영화었습니다.."
"987",2013-09-21,"로마(ccy1****)","연기파 배우들의 명연기가 돋보였습니다."
"988",2013-09-21,"skyk****","기대되는영화"
"989",2013-09-20,"잉(beh6****)","두번보고도 또보고싶은영화"
"990",2013-09-20,"레몬파니(kjb6****)","소름돋는 영화 감동적입니다"
"991",2013-09-20,"리본(yg17****)","이병헌의 사극 아주 좋소"
"992",2013-09-20,"amrecon(gksa****)","최고의 영화 이병헌의 연기가 정말 존경스럽다. 거기에다가 탄탄한 구성과 지루함 없는 코믹까지 넣어 영화에 완성도를 높인다. 스토리도 이정도면 10점만점에 10점 줘도 된다는 생각이 든다. 마지막에 소름돋는 감동까지 이런 영화가 바로 최고의 영화!"
"993",2013-09-20,"민도리11(voic****)","..."
"994",2013-09-20,"모로(qnfd****)","퍼펙트게임 이후 한국영화 중 최고 아니 역대 최고"
"995",2013-09-20,"스톤헨지(dbzk****)","안본사람들에게 강제로라도 보여줘야한다이건 ㅠㅠ"
"996",2013-09-20,"언덕위맛동산(kj00****)","굿"
"997",2013-09-20,"프리카(mukh****)","역시 이병헌이다. 그리고 류승룡과의 콤비도 상당히 좋았다."
"998",2013-09-20,"홈런볼(inno****)","픽션과논픽션의적절한조합"
"999",2013-09-19,"규니(jupi****)","오랜만에 정말 만족스러운 영화 탄탄한 역사기반 줄거리에 류승룡과 이병헌의 신들린 연기 적절한 웃음과 감동과 교훈"
